id,code,name,note,account_type,reconcile
account_template_avus_1_1_1_01_0001,1.1.1.01.0001,Caixa,,asset_cash,1
account_template_avus_1_1_1_02_0001,1.1.1.02.0001,Banco Itaú - Ag 3115 C/C 21288-2,,asset_cash,1
account_template_avus_1_1_1_02_0002,1.1.1.02.0002,Banco Itaú - Conta Nr TBD,,asset_cash,1
account_template_avus_1_1_1_02_0003,1.1.1.02.0003,Banco Banrisul - Ag 0062 C/C 060616390-3,,asset_cash,1
account_template_avus_1_1_1_02_0004,1.1.1.02.0004,Galax Pay,,asset_cash,1
account_template_avus_1_1_1_02_9002,1.1.1.02.9002,Conta Transitória de Bancos,,asset_current,1
account_template_avus_1_1_1_03_0001,1.1.1.03.0001,Banco Itaú - Renda Fixa (CDB),,asset_current,1
account_template_avus_1_1_1_03_0002,1.1.1.03.0002,Banrisul - Renda Fixa (CDB),,asset_current,1
account_template_avus_1_1_2_01_0001,1.1.2.01.0001,Contas a Receber Clientes - PJ,,asset_receivable,1
account_template_avus_1_1_2_01_0002,1.1.2.01.0002,Contas a Receber Clientes - PF,,asset_receivable,1
account_template_avus_1_1_2_02_0001,1.1.2.02.0001,Contas a Receber Clientes - PJ,,asset_receivable,1
account_template_avus_1_1_2_02_0002,1.1.2.02.0002,Contas a Receber Clientes - PF,,asset_receivable,1
account_template_avus_1_1_2_03_0001,1.1.2.03.0001,Contas a Receber Parceiro A,,asset_receivable,1
account_template_avus_1_1_2_03_0002,1.1.2.03.0002,Contas a Receber Parceiro B,,asset_receivable,1
account_template_avus_1_1_2_09_0001,1.1.2.09.0001,(-) Clientes no País,,asset_receivable,1
account_template_avus_1_1_2_09_0002,1.1.2.09.0002,(-) Clientes no Exterior,,asset_receivable,1
account_template_avus_1_1_2_09_0003,1.1.2.09.0003,(-) Parceiros de Negócios,,asset_receivable,1
account_template_avus_1_1_3_01_0001,1.1.3.01.0001,PIS a Recuperar,,asset_current,
account_template_avus_1_1_3_01_0002,1.1.3.01.0002,COFINS a Recuperar,,asset_current,
account_template_avus_1_1_3_01_0003,1.1.3.01.0003,ISS a Recuperar,,asset_current,
account_template_avus_1_1_3_01_0004,1.1.3.01.0004,IRRF a Recuperar,,asset_current,
account_template_avus_1_1_3_01_0005,1.1.3.01.0005,CSLL a Recuperar,,asset_current,
account_template_avus_1_1_3_01_0006,1.1.3.01.0006,IRPJ Recolhido por Estimativa,,asset_current,
account_template_avus_1_1_3_01_0007,1.1.3.01.0007,IRPJ Saldo Negativo,,asset_current,
account_template_avus_1_1_3_01_0008,1.1.3.01.0008,CSLL Recolhida por Estimativa,,asset_current,
account_template_avus_1_1_3_01_0009,1.1.3.01.0009,CSLL Saldo Negativo,,asset_current,
account_template_avus_1_1_3_01_0010,1.1.3.01.0010,PIS/PASEP Retido na Fonte,,asset_current,
account_template_avus_1_1_3_01_0011,1.1.3.01.0011,COFINS Retida na Fonte,,asset_current,
account_template_avus_1_1_3_01_0012,1.1.3.01.0012,IRRF a Recuperar,,asset_current,
account_template_avus_1_1_3_01_0013,1.1.3.01.0013,IRRF sobre Aplicação Financeira,,asset_current,
account_template_avus_1_1_3_01_0014,1.1.3.01.0014,IRRF sobre Lucro a Recuperar,,asset_current,
account_template_avus_1_1_3_01_0015,1.1.3.01.0015,CSLL sobre Lucro a Recuperar,,asset_current,
account_template_avus_1_1_3_01_0016,1.1.3.01.0016,INSS pago a Maior a Recuperar,,asset_current,
account_template_avus_1_1_3_02_0001,1.1.3.02.0001,Adiantamento a Fornecedores,,asset_current,
account_template_avus_1_1_3_02_0001,1.1.3.02.0001,Adiantamento a Sócios,,asset_current,
account_template_avus_1_1_3_02_0009,1.1.3.02.0009,Outros Créditos a Receber de Fornecedores,,asset_current,
account_template_avus_1_1_3_03_0001,1.1.3.03.0001,Participações em Lucros a Receber,,asset_current,
account_template_avus_1_1_3_03_0002,1.1.3.03.0002,Dividendos e JCP a Receber,,asset_current,
account_template_avus_1_1_3_03_0003,1.1.3.03.0003,Garantias e Depósito Caução a Receber,,asset_current,
account_template_avus_1_1_3_04_0001,1.1.3.04.0001,Adiantamento de Salários,,asset_current,
account_template_avus_1_1_3_04_0002,1.1.3.04.0002,Adiantamento de Férias,,asset_current,
account_template_avus_1_1_3_04_0003,1.1.3.04.0003,Adiantamento de 13º Salário,,asset_current,
account_template_avus_1_1_3_04_0004,1.1.3.04.0004,Adiantamento de Viagens,,asset_current,
account_template_avus_1_1_3_04_0005,1.1.3.04.0005,Adiantamento Benefícios a Descontar,,asset_current,
account_template_avus_1_1_3_04_0008,1.1.3.04.0008,Pensão Alimentícia a Descontar,,asset_current,
account_template_avus_1_1_3_05_0001,1.1.3.05.0001,Depósitos Judiciais em Garantia Fiscal,,asset_current,
account_template_avus_1_1_3_05_0002,1.1.3.05.0002,Depósitos Judiciais em Garantia Trabalhista,,asset_current,
account_template_avus_1_1_3_06_0001,1.1.3.06.0001,Xipp Consultoria,,asset_current,
account_template_avus_1_1_3_06_0002,1.1.3.06.0002,TNK Administradora,,asset_current,
account_template_avus_1_1_3_09_0001,1.1.3.09.0001,(-) Créditos Tributários,,asset_current,
account_template_avus_1_1_3_09_0002,1.1.3.09.0002,(-) Créditos de Fornecedores,,asset_current,
account_template_avus_1_1_3_09_0003,1.1.3.09.0003,(-) Créditos a Receber,,asset_current,
account_template_avus_1_1_3_09_0004,1.1.3.09.0004,(-) Depósitos Judiciais,,asset_current,
account_template_avus_1_1_4_01_0001,1.1.4.01.0001,Outros Créditos,,asset_current,
account_template_avus_1_1_4_02_0001,1.1.4.02.0001,Outras Provisões Trabalhistas,,asset_current,
account_template_avus_1_1_5_01_0001,1.1.5.01.0001,Prêmios de Seguros a Apropriar,,asset_current,
account_template_avus_1_1_5_01_0002,1.1.5.01.0002,Adiantamento de Despesas,,asset_current,
account_template_avus_1_1_5_01_0004,1.1.5.01.0004,IPTU a Apropriar,,asset_current,
account_template_avus_1_1_5_01_0005,1.1.5.01.0005,Licenças de Sistemas e Aplicativos,,asset_current,
account_template_avus_1_1_5_01_0009,1.1.5.01.0009,Outras Despesas Pagas Antecipadamente,,asset_current,
account_template_avus_1_2_2_01_0001,1.2.2.01.0001,Empresa A,,asset_non_current,
account_template_avus_1_2_2_01_0002,1.2.2.01.0002,Empresa B,,asset_non_current,
account_template_avus_1_2_3_01_0001,1.2.3.01.0001,Máquinas e Equipamentos,,asset_non_current,
account_template_avus_1_2_3_01_0002,1.2.3.01.0002,Móveis e Utensílios ,,asset_non_current,
account_template_avus_1_2_3_01_0003,1.2.3.01.0003,Computadores e Periféricos,,asset_non_current,
account_template_avus_1_2_3_01_0004,1.2.3.01.0004,Benfeitorias em Imóveis de Terceiros,,asset_non_current,
account_template_avus_1_2_3_01_0005,1.2.3.01.0005,Direito de Uso Imobilizado - Arrendamentos,,asset_non_current,
account_template_avus_1_2_3_02_0001,1.2.3.02.0001,Depreciação - Máquinas e Equipamentos,,asset_non_current,
account_template_avus_1_2_3_02_0002,1.2.3.02.0002,Depreciação - Móveis e Utensílios ,,asset_non_current,
account_template_avus_1_2_3_02_0003,1.2.3.02.0003,Depreciação - Computadores e Periféricos,,asset_non_current,
account_template_avus_1_2_3_02_0004,1.2.3.02.0004,Depreciação - Benfeitorias em Imóveis de Terceiros,,asset_non_current,
account_template_avus_1_2_3_02_0005,1.2.3.02.0005,(-) Depreciação Arrendamento,,asset_non_current,
account_template_avus_1_2_4_01_0001,1.2.4.01.0001,Marcas e Patentes,,asset_non_current,
account_template_avus_1_2_4_01_0002,1.2.4.01.0002,Aquisição de Licenças de Software e Sistemas,,asset_non_current,
account_template_avus_1_2_4_02_0001,1.2.4.02.0001,Amortização - Marcas e Patentes,,asset_non_current,
account_template_avus_1_2_4_02_0002,1.2.4.02.0002,Amortização - Licenças de Software e Sistemas,,asset_non_current,
account_template_avus_2_1_1_01_0001,2.1.1.01.0001,Fornecedores,,liability_payable,1
account_template_avus_2_1_1_01_0002,2.1.1.01.0002,Aluguéis a Pagar,,liability_current,
account_template_avus_2_1_1_01_0003,2.1.1.01.0003,Seguros a Pagar,,liability_current,
account_template_avus_2_1_1_01_0004,2.1.1.01.0004,Dividendos a Pagar,,liability_current,
account_template_avus_2_1_1_01_0005,2.1.1.01.0005,JCP - Juros sobre Capital Próprio,,liability_current,
account_template_avus_2_1_1_01_0006,2.1.1.01.0006,Serviços Autônomos,,liability_current,
account_template_avus_2_1_1_01_0007,2.1.1.01.0007,Cartão de Crédito a Pagar,,liability_current,
account_template_avus_2_1_1_01_0008,2.1.1.01.0008,Arrendamentos a Pagar - Curto Prazo,,liability_current,
account_template_avus_2_1_1_01_0009,2.1.1.01.0009,Juros s/ Arrendamentos,,liability_current,
account_template_avus_2_1_1_01_0010,2.1.1.01.0010,(-) Ajuste a Valor Presente Arrend. a Pagar - Curto Prazo,,liability_current,
account_template_avus_2_1_1_02_0001,2.1.1.02.0001,Salários e Pró-Labore a Pagar,,liability_current,1
account_template_avus_2_1_1_02_0002,2.1.1.02.0002,13o Salário e Encargos a Pagar,,liability_current,
account_template_avus_2_1_1_02_0003,2.1.1.02.0003,Férias a Pagar,,liability_current,
account_template_avus_2_1_1_02_0004,2.1.1.02.0004,INSS a Pagar,,liability_current,
account_template_avus_2_1_1_02_0005,2.1.1.02.0005,FGTS a Pagar,,liability_current,
account_template_avus_2_1_1_02_0006,2.1.1.02.0006,IRRF a Pagar,,liability_current,
account_template_avus_2_1_1_02_0007,2.1.1.02.0007,Contribuiçao Sindical a Pagar,,liability_current,
account_template_avus_2_1_1_02_0008,2.1.1.02.0008,Participação nos Lucros e Resultado,,liability_current,
account_template_avus_2_1_1_02_0009,2.1.1.02.0009,Pensão Alimentícia,,liability_current,
account_template_avus_2_1_1_02_0019,2.1.1.02.0019,Outras Provisões Trabalhistas,,liability_current,
account_template_avus_2_1_1_03_0001,2.1.1.03.0001,PIS a Pagar,,liability_current,
account_template_avus_2_1_1_03_0002,2.1.1.03.0002,COFINS a Pagar,,liability_current,
account_template_avus_2_1_1_03_0003,2.1.1.03.0003,ISS a Pagar,,liability_current,
account_template_avus_2_1_1_03_0004,2.1.1.03.0004,INSS Terceiros a Recolher,,liability_current,
account_template_avus_2_1_1_03_0006,2.1.1.03.0006,IRRF Terceiros a Recolher,,liability_current,
account_template_avus_2_1_1_03_0007,2.1.1.03.0007,PCC a Recolher,,liability_current,
account_template_avus_2_1_1_03_0008,2.1.1.03.0008,IPTU a Pagar,,liability_current,
account_template_avus_2_1_1_04_0001,2.1.1.04.0001,Imposto de Renda a Recolher,,liability_current,
account_template_avus_2_1_1_04_0002,2.1.1.04.0002,(-) Antecipação de Imposto Renda,,liability_current,
account_template_avus_2_1_1_04_0003,2.1.1.04.0003,Contribuição Social a Recolher,,liability_current,
account_template_avus_2_1_1_04_0004,2.1.1.04.0004,(-) Antecipação de CSLL,,liability_current,
account_template_avus_2_1_1_05_0001,2.1.1.05.0001,Depósito Clientes Pendentes de Faturamento,,liability_current,
account_template_avus_2_1_1_05_0002,2.1.1.05.0002,Recebimento de Dividendos,,liability_current,
account_template_avus_2_1_1_05_0003,2.1.1.05.0003,Adiantamento de Clientes,,liability_current,
account_template_avus_2_1_1_05_0004,2.1.1.05.0004,Adiantamentos de Bancos,,liability_current,
account_template_avus_2_1_1_06_0001,2.1.1.06.0001,Financiamento para Aquisição de Ativos,,liability_current,
account_template_avus_2_1_1_06_0002,2.1.1.06.0002,Outros Financiamentos,,liability_current,
account_template_avus_2_2_1_01_0001,2.2.1.01.0001,Contas a Pagar - Liquidação Financeira,,liability_current,
account_template_avus_2_2_1_01_0002,2.2.1.01.0002,Fornecedores,,liability_non_current,
account_template_avus_2_2_1_01_0003,2.2.1.01.0003,Outras Provisões Trabalhistas,,liability_non_current,
account_template_avus_2_2_1_01_0005,2.2.1.01.0005,Arrendamentos a Pagar - Longo Prazo,,liability_non_current,
account_template_avus_2_2_1_01_0006,2.2.1.01.0006,(-) Ajuste a Valor Presente Arrend. a Pagar - Longo Prazo,,liability_non_current,
account_template_avus_2_2_1_02_0001,2.2.1.02.0001,Provisões Fiscais,,liability_non_current,
account_template_avus_2_2_1_02_0002,2.2.1.02.0002,Provisões Trabalhistas,,liability_non_current,
account_template_avus_2_2_1_02_0003,2.2.1.02.0003,Provisões Cíveis,,liability_non_current,
account_template_avus_2_2_1_02_0004,2.2.1.02.0004,Outras Provisões,,liability_non_current,
account_template_avus_2_2_1_06_0001,2.2.1.06.0001,Financiamento para Aquisição de Ativos,,liability_non_current,
account_template_avus_2_2_1_06_0002,2.2.1.06.0002,Outros Financiamentos,,liability_non_current,
account_template_avus_2_3_1_01_0001,2.3.1.01.0001,Capital Social,,liability_non_current,
account_template_avus_2_3_1_02_0001,2.3.1.02.0001,Reservas ,,liability_non_current,
account_template_avus_2_3_1_02_0002,2.3.1.02.0002,AFAC - Adiantamento para Futuro Aumento de Capital,,liability_non_current,
account_template_avus_2_3_1_03_0001,2.3.1.03.0001,Ações em Tesouraria ,,liability_non_current,
account_template_avus_2_3_1_09_0001,2.3.1.09.0001,Lucros ou Prejuízos Acumulados,,equity_unaffected,
account_template_avus_2_3_1_09_0002,2.3.1.09.0002,Resultado do Exercício,,liability_non_current,
account_template_avus_3_1_1_01_0001,3.1.1.01.0001,Receita com Prestação de Serviços,,income,
account_template_avus_3_1_1_09_0001,3.1.1.09.0001,Outras Receitas Operacionais,,income,
account_template_avus_3_1_2_01_0001,3.1.2.01.0001,ISS,,income,
account_template_avus_3_1_2_01_0002,3.1.2.01.0002,PIS,,income,
account_template_avus_3_1_2_01_0003,3.1.2.01.0003,COFINS,,income,
account_template_avus_4_1_1_01_0001,4.1.1.01.0001,Honorários do Conselho de Administração,,expense,
account_template_avus_4_1_1_01_0002,4.1.1.01.0002,Honorários do Conselho Fiscal,,expense,
account_template_avus_4_1_1_01_0003,4.1.1.01.0003,Honorários do Comitê de Auditoria,,expense,
account_template_avus_4_1_1_01_0004,4.1.1.01.0004,Honorários da Diretoria Executiva,,expense,
account_template_avus_4_1_1_01_0005,4.1.1.01.0005,Gratificações,,expense,
account_template_avus_4_1_1_01_0006,4.1.1.01.0006,Despesas com Governança Corporativa,,expense,
account_template_avus_4_1_1_01_0007,4.1.1.01.0007,Pró-Labore,,expense,
account_template_avus_4_1_1_01_0008,4.1.1.01.0008,Juros - Arrendamento (Leasing),,expense,
account_template_avus_4_1_1_01_0009,4.1.1.01.0009,Outras Despesas com Administração,,expense,
account_template_avus_4_1_1_02_0001,4.1.1.02.0001,Salários,,expense,
account_template_avus_4_1_1_02_0002,4.1.1.02.0002,Férias,,expense,
account_template_avus_4_1_1_02_0003,4.1.1.02.0003,13º Salário,,expense,
account_template_avus_4_1_1_02_0004,4.1.1.02.0004,Indenizações e Aviso Prévio,,expense,
account_template_avus_4_1_1_02_0005,4.1.1.02.0005,Previdência Social,,expense,
account_template_avus_4_1_1_02_0006,4.1.1.02.0006,FGTS,,expense,
account_template_avus_4_1_1_02_0008,4.1.1.02.0008,Serviços Autônomos,,expense,
account_template_avus_4_1_1_02_0009,4.1.1.02.0009,INSS sobre Férias,,expense,
account_template_avus_4_1_1_03_0001,4.1.1.03.0001,Mão de Obra Terceirizada,,expense,
account_template_avus_4_1_1_04_0001,4.1.1.04.0001,Seguro Saúde,,expense,
account_template_avus_4_1_1_04_0002,4.1.1.04.0002,Vale Refeição,,expense,
account_template_avus_4_1_1_04_0003,4.1.1.04.0003,Seguro de Vida,,expense,
account_template_avus_4_1_1_04_0004,4.1.1.04.0004,Seguro Odontológico,,expense,
account_template_avus_4_1_1_04_0005,4.1.1.04.0005,Vale Transporte,,expense,
account_template_avus_4_1_1_04_0006,4.1.1.04.0006,Previdência Privada,,expense,
account_template_avus_4_1_1_05_0001,4.1.1.05.0001,Cursos e Treinamentos,,expense,
account_template_avus_4_1_1_05_0002,4.1.1.05.0002,Formação ,,expense,
account_template_avus_4_1_1_05_0003,4.1.1.05.0003,Integração de Novos Colaboradores,,expense,
account_template_avus_4_1_1_09_0001,4.1.1.09.0001,Medicina Ocupacional,,expense,
account_template_avus_4_1_1_09_0002,4.1.1.09.0002,Uniformes,,expense,
account_template_avus_4_1_1_09_0003,4.1.1.09.0003,Recrutamento e Seleção,,expense,
account_template_avus_4_1_1_09_0009,4.1.1.09.0009,Outras Despesas com Pessoal,,expense,
account_template_avus_4_1_2_01_0001,4.1.2.01.0001,Honorários Advocatícios,,expense,
account_template_avus_4_1_2_01_0002,4.1.2.01.0002,Honorários Contábeis,,expense,
account_template_avus_4_1_2_01_0003,4.1.2.01.0003,Auditoria Externa,,expense,
account_template_avus_4_1_2_01_0004,4.1.2.01.0004,Auditoria Interna,,expense,
account_template_avus_4_1_2_01_0005,4.1.2.01.0005,Serviços Profissionais,,expense,
account_template_avus_4_1_2_01_0009,4.1.2.01.0009,Outros Serviços,,expense,
account_template_avus_4_1_2_02_0001,4.1.2.02.0001,Licenças de Sistemas e Aplicativos,,expense,
account_template_avus_4_1_2_02_0002,4.1.2.02.0002,Manutenção de Sistemas,,expense,
account_template_avus_4_1_2_02_0003,4.1.2.02.0003,Telefonia e Comunicação de Dados,,expense,
account_template_avus_4_1_2_02_0004,4.1.2.02.0004,Manutenção de Equipamentos,,expense,
account_template_avus_4_1_2_02_0005,4.1.2.02.0005,Despesas com Periféricos,,expense,
account_template_avus_4_1_2_02_0006,4.1.2.02.0006,Locação de Equipamentos,,expense,
account_template_avus_4_1_2_02_0009,4.1.2.02.0009,Outras Despesas com Tecnologia,,expense,
account_template_avus_4_1_3_01_0001,4.1.3.01.0001,Aluguéis e Condomínios,,expense,
account_template_avus_4_1_3_01_0002,4.1.3.01.0002,Seguros,,expense,
account_template_avus_4_1_3_01_0003,4.1.3.01.0003,IPTU e Taxas de Funcionamento,,expense,
account_template_avus_4_1_3_01_0004,4.1.3.01.0004,Energia Elétrica,,expense,
account_template_avus_4_1_3_01_0005,4.1.3.01.0005,Higiene e Limpeza,,expense,
account_template_avus_4_1_3_01_0006,4.1.3.01.0006,Manutenção e Reparos,,expense,
account_template_avus_4_1_3_01_0007,4.1.3.01.0007,Manutenção Ar Condicionado,,expense,
account_template_avus_4_1_3_01_0008,4.1.3.01.0008,Material de Escritório / Insumos,,expense,
account_template_avus_4_1_3_01_0009,4.1.3.01.0009,Bens de Pequeno Valor,,expense,
account_template_avus_4_1_3_01_0010,4.1.3.01.0010,Estacionamento,,expense,
account_template_avus_4_1_3_01_0011,4.1.3.01.0011,Obras e Reformas,,expense,
account_template_avus_4_1_3_01_0012,4.1.3.01.0012,Água e Esgoto,,expense,
account_template_avus_4_1_3_02_0003,4.1.3.02.0003,Viagem e Hospedagens,,expense,
account_template_avus_4_1_3_02_0004,4.1.3.02.0004,Despesas com Locomoção,,expense,
account_template_avus_4_1_3_04_0001,4.1.3.04.0001,Depreciação,,expense,
account_template_avus_4_1_3_04_0002,4.1.3.04.0002,Amortização,,expense,
account_template_avus_4_1_3_04_0003,4.1.3.04.0003,Amortização Arrendamento (Leasing),,expense,
account_template_avus_4_1_4_01_0001,4.1.4.01.0001,Comunicação e Marketing,,expense,
account_template_avus_4_1_4_01_0002,4.1.4.01.0002,Marca,,expense,
account_template_avus_4_1_4_01_0003,4.1.4.01.0003,Midias Sociais,,expense,
account_template_avus_4_1_4_01_0004,4.1.4.01.0004,Eventos Institucionais,,expense,
account_template_avus_4_1_4_01_0005,4.1.4.01.0005,Impressos Gráficos,,expense,
account_template_avus_4_1_4_01_0006,4.1.4.01.0006,Brindes,,expense,
account_template_avus_4_1_4_01_0009,4.1.4.01.0009,Outras Despesas de Marketing,,expense,
account_template_avus_4_1_5_01_0001,4.1.5.01.0001,Seguro D&O,,expense,
account_template_avus_4_1_5_01_0002,4.1.5.01.0002,Seguro Responsabilidade Civil,,expense,
account_template_avus_4_1_5_01_0003,4.1.5.01.0003,Seguro Predial,,expense,
account_template_avus_4_1_9_01_0001,4.1.9.01.0001,Provisão de Contingências,,expense,
account_template_avus_4_1_9_01_0005,4.1.9.01.0005,Despesa com Multas,,expense,
account_template_avus_4_1_9_02_0001,4.1.9.02.0001,Despesas Assistenciais,,expense,
account_template_avus_4_1_9_02_0002,4.1.9.02.0002,Doações a Entidades,,expense,
account_template_avus_4_2_1_02_0001,4.2.1.02.0001,Salários,,expense,
account_template_avus_4_2_1_02_0002,4.2.1.02.0002,Férias,,expense,
account_template_avus_4_2_1_02_0003,4.2.1.02.0003,13º Salário,,expense,
account_template_avus_4_2_1_02_0004,4.2.1.02.0004,Indenizações e Aviso Prévio,,expense,
account_template_avus_4_2_1_02_0005,4.2.1.02.0005,Previdência Social,,expense,
account_template_avus_4_2_1_02_0006,4.2.1.02.0006,FGTS,,expense,
account_template_avus_4_2_1_02_0007,4.2.1.02.0007,Comissão sobre Vendas,,expense,
account_template_avus_4_2_1_02_0008,4.2.1.02.0008,Serviços Autônomos,,expense,
account_template_avus_4_2_1_03_0001,4.2.1.03.0001,Mão de Obra Terceirizada,,expense,
account_template_avus_4_2_1_04_0001,4.2.1.04.0001,Seguro Saúde,,expense,
account_template_avus_4_2_1_04_0002,4.2.1.04.0002,Vale Refeição,,expense,
account_template_avus_4_2_1_04_0003,4.2.1.04.0003,Seguro de Vida,,expense,
account_template_avus_4_2_1_04_0004,4.2.1.04.0004,Seguro Odontológico,,expense,
account_template_avus_4_2_1_04_0005,4.2.1.04.0005,Vale Transporte,,expense,
account_template_avus_4_2_1_04_0006,4.2.1.04.0006,Previdência Privada,,expense,
account_template_avus_4_2_1_05_0001,4.2.1.05.0001,Cursos e Treinamentos,,expense,
account_template_avus_4_2_1_05_0002,4.2.1.05.0002,Formação,,expense,
account_template_avus_4_2_1_05_0003,4.2.1.05.0003,Integração de Novos Colaboradores,,expense,
account_template_avus_4_2_1_09_0001,4.2.1.09.0001,Medicina Ocupacional,,expense,
account_template_avus_4_2_1_09_0002,4.2.1.09.0002,Uniformes,,expense,
account_template_avus_4_2_1_09_0003,4.2.1.09.0003,Recrutamento e Seleção,,expense,
account_template_avus_4_2_1_09_0009,4.2.1.09.0009,Outras Despesas com Pessoal,,expense,
account_template_avus_4_2_2_01_0001,4.2.2.01.0001,Comissão de Vendas,,expense,
account_template_avus_4_2_3_02_0001,4.2.3.02.0001,Licenças de Sistemas e Aplicativos,,expense,
account_template_avus_4_2_3_02_0002,4.2.3.02.0002,Manutenção de Sistemas,,expense,
account_template_avus_4_2_3_02_0003,4.2.3.02.0003,Telefonia e Comunicação de Dados,,expense,
account_template_avus_4_2_3_02_0004,4.2.3.02.0004,Manutenção de Equipamentos,,expense,
account_template_avus_4_2_3_02_0006,4.2.3.02.0006,Locação de Equipamentos,,expense,
account_template_avus_4_2_3_02_0009,4.2.3.02.0009,Outras Despesas com Tecnologia,,expense,
account_template_avus_4_2_4_01_0001,4.2.4.01.0001,Aluguéis e Condomínios,,expense,
account_template_avus_4_2_4_01_0002,4.2.4.01.0002,Seguros,,expense,
account_template_avus_4_2_4_01_0003,4.2.4.01.0003,IPTU e Taxas de Funcionamento,,expense,
account_template_avus_4_2_4_01_0004,4.2.4.01.0004,Energia Elétrica,,expense,
account_template_avus_4_2_4_01_0005,4.2.4.01.0005,Higiene e Limpeza,,expense,
account_template_avus_4_2_4_01_0006,4.2.4.01.0006,Manutenção e Reparos,,expense,
account_template_avus_4_2_4_01_0007,4.2.4.01.0007,Manutenção Ar Condicionado,,expense,
account_template_avus_4_2_4_01_0008,4.2.4.01.0008,Material de Escritório / Insumos,,expense,
account_template_avus_4_2_4_01_0009,4.2.4.01.0009,Bens de Pequeno Valor,,expense,
account_template_avus_4_2_4_01_0010,4.2.4.01.0010,Estacionamento,,expense,
account_template_avus_4_2_4_01_0011,4.2.4.01.0011,Obras e Reformas,,expense,
account_template_avus_4_2_4_02_0003,4.2.4.02.0003,Viagem e Hospedagens,,expense,
account_template_avus_4_2_4_02_0004,4.2.4.02.0004,Despesas com Locomoção,,expense,
account_template_avus_4_2_4_04_0001,4.2.4.04.0001,Depreciação,,expense,
account_template_avus_4_2_4_04_0002,4.2.4.04.0002,Amortização,,expense,
account_template_avus_4_2_5_01_0001,4.2.5.01.0001,Comunicação e Marketing,,expense,
account_template_avus_4_2_5_01_0002,4.2.5.01.0002,Marca,,expense,
account_template_avus_4_2_5_01_0003,4.2.5.01.0003,Midias Sociais,,expense,
account_template_avus_4_2_5_01_0004,4.2.5.01.0004,Eventos Institucionais,,expense,
account_template_avus_4_2_5_01_0005,4.2.5.01.0005,Impressos Gráficos,,expense,
account_template_avus_4_2_5_01_0006,4.2.5.01.0006,Brindes,,expense,
account_template_avus_4_2_5_01_0009,4.2.5.01.0009,Outras Despesas de Marketing,,expense,
account_template_avus_4_2_6_01_0001,4.2.6.01.0001,Clínicas,,expense,
account_template_avus_4_2_6_01_0002,4.2.6.01.0002,Farmácias,,expense,
account_template_avus_4_2_6_01_0003,4.2.6.01.0003,Laboratórios,,expense,
account_template_avus_4_2_6_02_0001,4.2.6.02.0001,Consultas,,expense,
account_template_avus_4_2_6_02_0002,4.2.6.02.0002,Exames,,expense,
account_template_avus_4_2_6_02_0003,4.2.6.02.0003,Medicamentos,,expense,
account_template_avus_4_2_6_03_0001,4.2.6.03.0001,Despesas com Passagens Aéreas,,expense,
account_template_avus_4_2_6_03_0002,4.2.6.03.0002,Despesas com Hospedagens,,expense,
account_template_avus_4_2_6_03_0003,4.2.6.03.0003,Despesas com Táxi,,expense,
account_template_avus_4_2_6_03_0004,4.2.6.03.0004,Reembolso de Despesas com Locomoção,,expense,
account_template_avus_4_2_6_03_0005,4.2.6.03.0005,Despesas com Recepção de Clientes na Avus,,expense,
account_template_avus_4_2_9_01_0001,4.2.9.01.0001,Provisão de Contingências,,expense,
account_template_avus_4_2_9_01_0002,4.2.9.01.0002,Provisão de Perda de Ativos,,expense,
account_template_avus_4_2_9_01_0003,4.2.9.01.0003,Outras Provisões,,expense,
account_template_avus_4_2_9_09_0001,4.2.9.09.0001,Correios,,expense,
account_template_avus_4_2_9_09_0002,4.2.9.09.0002,"Serviços de Entrega, Fretes e Transportes",,expense,
account_template_avus_4_2_9_09_0003,4.2.9.09.0003,Despesas com Cobrança Bancária,,expense,
account_template_avus_4_2_9_09_0009,4.2.9.09.0009,Outros Custos e Despesas Operacionais,,expense,
account_template_avus_5_1_1_01_0001,5.1.1.01.0001,Juros Pagos ou Incorridos,,expense,
account_template_avus_5_1_1_01_0002,5.1.1.01.0002,Despesa com Atualização de Passivos,,expense,
account_template_avus_5_1_1_01_0003,5.1.1.01.0003,IOF,,expense,
account_template_avus_5_1_1_02_0001,5.1.1.02.0001,Receita de Aplicações Financeiras,,income_other,
account_template_avus_5_1_1_02_0002,5.1.1.02.0002,Receita com Atualização de Ativos,,income_other,
account_template_avus_5_1_1_02_0008,5.1.1.02.0008,(-) PIS sobre Receitas Financeiras,,income_other,
account_template_avus_5_1_1_02_0009,5.1.1.02.0009,(-) COFINS sobre Receitas Financeiras,,income_other,
account_template_avus_6_1_1_01_0001,6.1.1.01.0001,Imposto de Renda,,expense,
account_template_avus_6_1_1_02_0001,6.1.1.02.0001,Contribuição Social,,expense,
account_template_avus_6_2_1_01_0001,6.2.1.01.0001,ADMINISTRADORES,,expense,
account_template_avus_6_2_1_01_0002,6.2.1.01.0002,EMPREGADOS,,expense,
account_template_avus_6_2_1_01_0003,6.2.1.01.0003,OUTROS,,expense,
