id,name,model_id:id,group_id:id,perm_read,perm_write,perm_create,perm_unlink
access_efd_icms_ipi_0000_user,l10n_br_sped.efd_icms_ipi.0000 user,model_l10n_br_sped_efd_icms_ipi_0000,l10n_br_fiscal.group_user,1,0,0,0
access_efd_icms_ipi_0000_manager,l10n_br_sped.efd_icms_ipi.0000 manager,model_l10n_br_sped_efd_icms_ipi_0000,l10n_br_fiscal.group_manager,1,1,1,1
access_efd_icms_ipi_0002_user,l10n_br_sped.efd_icms_ipi.0002 user,model_l10n_br_sped_efd_icms_ipi_0002,l10n_br_fiscal.group_user,1,0,0,0
access_efd_icms_ipi_0002_manager,l10n_br_sped.efd_icms_ipi.0002 manager,model_l10n_br_sped_efd_icms_ipi_0002,l10n_br_fiscal.group_manager,1,1,1,1
access_efd_icms_ipi_0005_user,l10n_br_sped.efd_icms_ipi.0005 user,model_l10n_br_sped_efd_icms_ipi_0005,l10n_br_fiscal.group_user,1,0,0,0
access_efd_icms_ipi_0005_manager,l10n_br_sped.efd_icms_ipi.0005 manager,model_l10n_br_sped_efd_icms_ipi_0005,l10n_br_fiscal.group_manager,1,1,1,1
access_efd_icms_ipi_0015_user,l10n_br_sped.efd_icms_ipi.0015 user,model_l10n_br_sped_efd_icms_ipi_0015,l10n_br_fiscal.group_user,1,0,0,0
access_efd_icms_ipi_0015_manager,l10n_br_sped.efd_icms_ipi.0015 manager,model_l10n_br_sped_efd_icms_ipi_0015,l10n_br_fiscal.group_manager,1,1,1,1
access_efd_icms_ipi_0100_user,l10n_br_sped.efd_icms_ipi.0100 user,model_l10n_br_sped_efd_icms_ipi_0100,l10n_br_fiscal.group_user,1,0,0,0
access_efd_icms_ipi_0100_manager,l10n_br_sped.efd_icms_ipi.0100 manager,model_l10n_br_sped_efd_icms_ipi_0100,l10n_br_fiscal.group_manager,1,1,1,1
access_efd_icms_ipi_0150_user,l10n_br_sped.efd_icms_ipi.0150 user,model_l10n_br_sped_efd_icms_ipi_0150,l10n_br_fiscal.group_user,1,0,0,0
access_efd_icms_ipi_0150_manager,l10n_br_sped.efd_icms_ipi.0150 manager,model_l10n_br_sped_efd_icms_ipi_0150,l10n_br_fiscal.group_manager,1,1,1,1
access_efd_icms_ipi_0175_user,l10n_br_sped.efd_icms_ipi.0175 user,model_l10n_br_sped_efd_icms_ipi_0175,l10n_br_fiscal.group_user,1,0,0,0
access_efd_icms_ipi_0175_manager,l10n_br_sped.efd_icms_ipi.0175 manager,model_l10n_br_sped_efd_icms_ipi_0175,l10n_br_fiscal.group_manager,1,1,1,1
access_efd_icms_ipi_0190_user,l10n_br_sped.efd_icms_ipi.0190 user,model_l10n_br_sped_efd_icms_ipi_0190,l10n_br_fiscal.group_user,1,0,0,0
access_efd_icms_ipi_0190_manager,l10n_br_sped.efd_icms_ipi.0190 manager,model_l10n_br_sped_efd_icms_ipi_0190,l10n_br_fiscal.group_manager,1,1,1,1
access_efd_icms_ipi_0200_user,l10n_br_sped.efd_icms_ipi.0200 user,model_l10n_br_sped_efd_icms_ipi_0200,l10n_br_fiscal.group_user,1,0,0,0
access_efd_icms_ipi_0200_manager,l10n_br_sped.efd_icms_ipi.0200 manager,model_l10n_br_sped_efd_icms_ipi_0200,l10n_br_fiscal.group_manager,1,1,1,1
access_efd_icms_ipi_0205_user,l10n_br_sped.efd_icms_ipi.0205 user,model_l10n_br_sped_efd_icms_ipi_0205,l10n_br_fiscal.group_user,1,0,0,0
access_efd_icms_ipi_0205_manager,l10n_br_sped.efd_icms_ipi.0205 manager,model_l10n_br_sped_efd_icms_ipi_0205,l10n_br_fiscal.group_manager,1,1,1,1
access_efd_icms_ipi_0206_user,l10n_br_sped.efd_icms_ipi.0206 user,model_l10n_br_sped_efd_icms_ipi_0206,l10n_br_fiscal.group_user,1,0,0,0
access_efd_icms_ipi_0206_manager,l10n_br_sped.efd_icms_ipi.0206 manager,model_l10n_br_sped_efd_icms_ipi_0206,l10n_br_fiscal.group_manager,1,1,1,1
access_efd_icms_ipi_0210_user,l10n_br_sped.efd_icms_ipi.0210 user,model_l10n_br_sped_efd_icms_ipi_0210,l10n_br_fiscal.group_user,1,0,0,0
access_efd_icms_ipi_0210_manager,l10n_br_sped.efd_icms_ipi.0210 manager,model_l10n_br_sped_efd_icms_ipi_0210,l10n_br_fiscal.group_manager,1,1,1,1
access_efd_icms_ipi_0220_user,l10n_br_sped.efd_icms_ipi.0220 user,model_l10n_br_sped_efd_icms_ipi_0220,l10n_br_fiscal.group_user,1,0,0,0
access_efd_icms_ipi_0220_manager,l10n_br_sped.efd_icms_ipi.0220 manager,model_l10n_br_sped_efd_icms_ipi_0220,l10n_br_fiscal.group_manager,1,1,1,1
access_efd_icms_ipi_0221_user,l10n_br_sped.efd_icms_ipi.0221 user,model_l10n_br_sped_efd_icms_ipi_0221,l10n_br_fiscal.group_user,1,0,0,0
access_efd_icms_ipi_0221_manager,l10n_br_sped.efd_icms_ipi.0221 manager,model_l10n_br_sped_efd_icms_ipi_0221,l10n_br_fiscal.group_manager,1,1,1,1
access_efd_icms_ipi_0300_user,l10n_br_sped.efd_icms_ipi.0300 user,model_l10n_br_sped_efd_icms_ipi_0300,l10n_br_fiscal.group_user,1,0,0,0
access_efd_icms_ipi_0300_manager,l10n_br_sped.efd_icms_ipi.0300 manager,model_l10n_br_sped_efd_icms_ipi_0300,l10n_br_fiscal.group_manager,1,1,1,1
access_efd_icms_ipi_0305_user,l10n_br_sped.efd_icms_ipi.0305 user,model_l10n_br_sped_efd_icms_ipi_0305,l10n_br_fiscal.group_user,1,0,0,0
access_efd_icms_ipi_0305_manager,l10n_br_sped.efd_icms_ipi.0305 manager,model_l10n_br_sped_efd_icms_ipi_0305,l10n_br_fiscal.group_manager,1,1,1,1
access_efd_icms_ipi_0400_user,l10n_br_sped.efd_icms_ipi.0400 user,model_l10n_br_sped_efd_icms_ipi_0400,l10n_br_fiscal.group_user,1,0,0,0
access_efd_icms_ipi_0400_manager,l10n_br_sped.efd_icms_ipi.0400 manager,model_l10n_br_sped_efd_icms_ipi_0400,l10n_br_fiscal.group_manager,1,1,1,1
access_efd_icms_ipi_0450_user,l10n_br_sped.efd_icms_ipi.0450 user,model_l10n_br_sped_efd_icms_ipi_0450,l10n_br_fiscal.group_user,1,0,0,0
access_efd_icms_ipi_0450_manager,l10n_br_sped.efd_icms_ipi.0450 manager,model_l10n_br_sped_efd_icms_ipi_0450,l10n_br_fiscal.group_manager,1,1,1,1
access_efd_icms_ipi_0460_user,l10n_br_sped.efd_icms_ipi.0460 user,model_l10n_br_sped_efd_icms_ipi_0460,l10n_br_fiscal.group_user,1,0,0,0
access_efd_icms_ipi_0460_manager,l10n_br_sped.efd_icms_ipi.0460 manager,model_l10n_br_sped_efd_icms_ipi_0460,l10n_br_fiscal.group_manager,1,1,1,1
access_efd_icms_ipi_0500_user,l10n_br_sped.efd_icms_ipi.0500 user,model_l10n_br_sped_efd_icms_ipi_0500,l10n_br_fiscal.group_user,1,0,0,0
access_efd_icms_ipi_0500_manager,l10n_br_sped.efd_icms_ipi.0500 manager,model_l10n_br_sped_efd_icms_ipi_0500,l10n_br_fiscal.group_manager,1,1,1,1
access_efd_icms_ipi_0600_user,l10n_br_sped.efd_icms_ipi.0600 user,model_l10n_br_sped_efd_icms_ipi_0600,l10n_br_fiscal.group_user,1,0,0,0
access_efd_icms_ipi_0600_manager,l10n_br_sped.efd_icms_ipi.0600 manager,model_l10n_br_sped_efd_icms_ipi_0600,l10n_br_fiscal.group_manager,1,1,1,1
access_efd_icms_ipi_b020_user,l10n_br_sped.efd_icms_ipi.b020 user,model_l10n_br_sped_efd_icms_ipi_b020,l10n_br_fiscal.group_user,1,0,0,0
access_efd_icms_ipi_b020_manager,l10n_br_sped.efd_icms_ipi.b020 manager,model_l10n_br_sped_efd_icms_ipi_b020,l10n_br_fiscal.group_manager,1,1,1,1
access_efd_icms_ipi_b025_user,l10n_br_sped.efd_icms_ipi.b025 user,model_l10n_br_sped_efd_icms_ipi_b025,l10n_br_fiscal.group_user,1,0,0,0
access_efd_icms_ipi_b025_manager,l10n_br_sped.efd_icms_ipi.b025 manager,model_l10n_br_sped_efd_icms_ipi_b025,l10n_br_fiscal.group_manager,1,1,1,1
access_efd_icms_ipi_b030_user,l10n_br_sped.efd_icms_ipi.b030 user,model_l10n_br_sped_efd_icms_ipi_b030,l10n_br_fiscal.group_user,1,0,0,0
access_efd_icms_ipi_b030_manager,l10n_br_sped.efd_icms_ipi.b030 manager,model_l10n_br_sped_efd_icms_ipi_b030,l10n_br_fiscal.group_manager,1,1,1,1
access_efd_icms_ipi_b035_user,l10n_br_sped.efd_icms_ipi.b035 user,model_l10n_br_sped_efd_icms_ipi_b035,l10n_br_fiscal.group_user,1,0,0,0
access_efd_icms_ipi_b035_manager,l10n_br_sped.efd_icms_ipi.b035 manager,model_l10n_br_sped_efd_icms_ipi_b035,l10n_br_fiscal.group_manager,1,1,1,1
access_efd_icms_ipi_b350_user,l10n_br_sped.efd_icms_ipi.b350 user,model_l10n_br_sped_efd_icms_ipi_b350,l10n_br_fiscal.group_user,1,0,0,0
access_efd_icms_ipi_b350_manager,l10n_br_sped.efd_icms_ipi.b350 manager,model_l10n_br_sped_efd_icms_ipi_b350,l10n_br_fiscal.group_manager,1,1,1,1
access_efd_icms_ipi_b420_user,l10n_br_sped.efd_icms_ipi.b420 user,model_l10n_br_sped_efd_icms_ipi_b420,l10n_br_fiscal.group_user,1,0,0,0
access_efd_icms_ipi_b420_manager,l10n_br_sped.efd_icms_ipi.b420 manager,model_l10n_br_sped_efd_icms_ipi_b420,l10n_br_fiscal.group_manager,1,1,1,1
access_efd_icms_ipi_b440_user,l10n_br_sped.efd_icms_ipi.b440 user,model_l10n_br_sped_efd_icms_ipi_b440,l10n_br_fiscal.group_user,1,0,0,0
access_efd_icms_ipi_b440_manager,l10n_br_sped.efd_icms_ipi.b440 manager,model_l10n_br_sped_efd_icms_ipi_b440,l10n_br_fiscal.group_manager,1,1,1,1
access_efd_icms_ipi_b460_user,l10n_br_sped.efd_icms_ipi.b460 user,model_l10n_br_sped_efd_icms_ipi_b460,l10n_br_fiscal.group_user,1,0,0,0
access_efd_icms_ipi_b460_manager,l10n_br_sped.efd_icms_ipi.b460 manager,model_l10n_br_sped_efd_icms_ipi_b460,l10n_br_fiscal.group_manager,1,1,1,1
access_efd_icms_ipi_b470_user,l10n_br_sped.efd_icms_ipi.b470 user,model_l10n_br_sped_efd_icms_ipi_b470,l10n_br_fiscal.group_user,1,0,0,0
access_efd_icms_ipi_b470_manager,l10n_br_sped.efd_icms_ipi.b470 manager,model_l10n_br_sped_efd_icms_ipi_b470,l10n_br_fiscal.group_manager,1,1,1,1
access_efd_icms_ipi_b500_user,l10n_br_sped.efd_icms_ipi.b500 user,model_l10n_br_sped_efd_icms_ipi_b500,l10n_br_fiscal.group_user,1,0,0,0
access_efd_icms_ipi_b500_manager,l10n_br_sped.efd_icms_ipi.b500 manager,model_l10n_br_sped_efd_icms_ipi_b500,l10n_br_fiscal.group_manager,1,1,1,1
access_efd_icms_ipi_b510_user,l10n_br_sped.efd_icms_ipi.b510 user,model_l10n_br_sped_efd_icms_ipi_b510,l10n_br_fiscal.group_user,1,0,0,0
access_efd_icms_ipi_b510_manager,l10n_br_sped.efd_icms_ipi.b510 manager,model_l10n_br_sped_efd_icms_ipi_b510,l10n_br_fiscal.group_manager,1,1,1,1
access_efd_icms_ipi_c100_user,l10n_br_sped.efd_icms_ipi.c100 user,model_l10n_br_sped_efd_icms_ipi_c100,l10n_br_fiscal.group_user,1,0,0,0
access_efd_icms_ipi_c100_manager,l10n_br_sped.efd_icms_ipi.c100 manager,model_l10n_br_sped_efd_icms_ipi_c100,l10n_br_fiscal.group_manager,1,1,1,1
access_efd_icms_ipi_c101_user,l10n_br_sped.efd_icms_ipi.c101 user,model_l10n_br_sped_efd_icms_ipi_c101,l10n_br_fiscal.group_user,1,0,0,0
access_efd_icms_ipi_c101_manager,l10n_br_sped.efd_icms_ipi.c101 manager,model_l10n_br_sped_efd_icms_ipi_c101,l10n_br_fiscal.group_manager,1,1,1,1
access_efd_icms_ipi_c105_user,l10n_br_sped.efd_icms_ipi.c105 user,model_l10n_br_sped_efd_icms_ipi_c105,l10n_br_fiscal.group_user,1,0,0,0
access_efd_icms_ipi_c105_manager,l10n_br_sped.efd_icms_ipi.c105 manager,model_l10n_br_sped_efd_icms_ipi_c105,l10n_br_fiscal.group_manager,1,1,1,1
access_efd_icms_ipi_c110_user,l10n_br_sped.efd_icms_ipi.c110 user,model_l10n_br_sped_efd_icms_ipi_c110,l10n_br_fiscal.group_user,1,0,0,0
access_efd_icms_ipi_c110_manager,l10n_br_sped.efd_icms_ipi.c110 manager,model_l10n_br_sped_efd_icms_ipi_c110,l10n_br_fiscal.group_manager,1,1,1,1
access_efd_icms_ipi_c111_user,l10n_br_sped.efd_icms_ipi.c111 user,model_l10n_br_sped_efd_icms_ipi_c111,l10n_br_fiscal.group_user,1,0,0,0
access_efd_icms_ipi_c111_manager,l10n_br_sped.efd_icms_ipi.c111 manager,model_l10n_br_sped_efd_icms_ipi_c111,l10n_br_fiscal.group_manager,1,1,1,1
access_efd_icms_ipi_c112_user,l10n_br_sped.efd_icms_ipi.c112 user,model_l10n_br_sped_efd_icms_ipi_c112,l10n_br_fiscal.group_user,1,0,0,0
access_efd_icms_ipi_c112_manager,l10n_br_sped.efd_icms_ipi.c112 manager,model_l10n_br_sped_efd_icms_ipi_c112,l10n_br_fiscal.group_manager,1,1,1,1
access_efd_icms_ipi_c113_user,l10n_br_sped.efd_icms_ipi.c113 user,model_l10n_br_sped_efd_icms_ipi_c113,l10n_br_fiscal.group_user,1,0,0,0
access_efd_icms_ipi_c113_manager,l10n_br_sped.efd_icms_ipi.c113 manager,model_l10n_br_sped_efd_icms_ipi_c113,l10n_br_fiscal.group_manager,1,1,1,1
access_efd_icms_ipi_c114_user,l10n_br_sped.efd_icms_ipi.c114 user,model_l10n_br_sped_efd_icms_ipi_c114,l10n_br_fiscal.group_user,1,0,0,0
access_efd_icms_ipi_c114_manager,l10n_br_sped.efd_icms_ipi.c114 manager,model_l10n_br_sped_efd_icms_ipi_c114,l10n_br_fiscal.group_manager,1,1,1,1
access_efd_icms_ipi_c115_user,l10n_br_sped.efd_icms_ipi.c115 user,model_l10n_br_sped_efd_icms_ipi_c115,l10n_br_fiscal.group_user,1,0,0,0
access_efd_icms_ipi_c115_manager,l10n_br_sped.efd_icms_ipi.c115 manager,model_l10n_br_sped_efd_icms_ipi_c115,l10n_br_fiscal.group_manager,1,1,1,1
access_efd_icms_ipi_c116_user,l10n_br_sped.efd_icms_ipi.c116 user,model_l10n_br_sped_efd_icms_ipi_c116,l10n_br_fiscal.group_user,1,0,0,0
access_efd_icms_ipi_c116_manager,l10n_br_sped.efd_icms_ipi.c116 manager,model_l10n_br_sped_efd_icms_ipi_c116,l10n_br_fiscal.group_manager,1,1,1,1
access_efd_icms_ipi_c120_user,l10n_br_sped.efd_icms_ipi.c120 user,model_l10n_br_sped_efd_icms_ipi_c120,l10n_br_fiscal.group_user,1,0,0,0
access_efd_icms_ipi_c120_manager,l10n_br_sped.efd_icms_ipi.c120 manager,model_l10n_br_sped_efd_icms_ipi_c120,l10n_br_fiscal.group_manager,1,1,1,1
access_efd_icms_ipi_c130_user,l10n_br_sped.efd_icms_ipi.c130 user,model_l10n_br_sped_efd_icms_ipi_c130,l10n_br_fiscal.group_user,1,0,0,0
access_efd_icms_ipi_c130_manager,l10n_br_sped.efd_icms_ipi.c130 manager,model_l10n_br_sped_efd_icms_ipi_c130,l10n_br_fiscal.group_manager,1,1,1,1
access_efd_icms_ipi_c140_user,l10n_br_sped.efd_icms_ipi.c140 user,model_l10n_br_sped_efd_icms_ipi_c140,l10n_br_fiscal.group_user,1,0,0,0
access_efd_icms_ipi_c140_manager,l10n_br_sped.efd_icms_ipi.c140 manager,model_l10n_br_sped_efd_icms_ipi_c140,l10n_br_fiscal.group_manager,1,1,1,1
access_efd_icms_ipi_c141_user,l10n_br_sped.efd_icms_ipi.c141 user,model_l10n_br_sped_efd_icms_ipi_c141,l10n_br_fiscal.group_user,1,0,0,0
access_efd_icms_ipi_c141_manager,l10n_br_sped.efd_icms_ipi.c141 manager,model_l10n_br_sped_efd_icms_ipi_c141,l10n_br_fiscal.group_manager,1,1,1,1
access_efd_icms_ipi_c160_user,l10n_br_sped.efd_icms_ipi.c160 user,model_l10n_br_sped_efd_icms_ipi_c160,l10n_br_fiscal.group_user,1,0,0,0
access_efd_icms_ipi_c160_manager,l10n_br_sped.efd_icms_ipi.c160 manager,model_l10n_br_sped_efd_icms_ipi_c160,l10n_br_fiscal.group_manager,1,1,1,1
access_efd_icms_ipi_c165_user,l10n_br_sped.efd_icms_ipi.c165 user,model_l10n_br_sped_efd_icms_ipi_c165,l10n_br_fiscal.group_user,1,0,0,0
access_efd_icms_ipi_c165_manager,l10n_br_sped.efd_icms_ipi.c165 manager,model_l10n_br_sped_efd_icms_ipi_c165,l10n_br_fiscal.group_manager,1,1,1,1
access_efd_icms_ipi_c170_user,l10n_br_sped.efd_icms_ipi.c170 user,model_l10n_br_sped_efd_icms_ipi_c170,l10n_br_fiscal.group_user,1,0,0,0
access_efd_icms_ipi_c170_manager,l10n_br_sped.efd_icms_ipi.c170 manager,model_l10n_br_sped_efd_icms_ipi_c170,l10n_br_fiscal.group_manager,1,1,1,1
access_efd_icms_ipi_c171_user,l10n_br_sped.efd_icms_ipi.c171 user,model_l10n_br_sped_efd_icms_ipi_c171,l10n_br_fiscal.group_user,1,0,0,0
access_efd_icms_ipi_c171_manager,l10n_br_sped.efd_icms_ipi.c171 manager,model_l10n_br_sped_efd_icms_ipi_c171,l10n_br_fiscal.group_manager,1,1,1,1
access_efd_icms_ipi_c172_user,l10n_br_sped.efd_icms_ipi.c172 user,model_l10n_br_sped_efd_icms_ipi_c172,l10n_br_fiscal.group_user,1,0,0,0
access_efd_icms_ipi_c172_manager,l10n_br_sped.efd_icms_ipi.c172 manager,model_l10n_br_sped_efd_icms_ipi_c172,l10n_br_fiscal.group_manager,1,1,1,1
access_efd_icms_ipi_c173_user,l10n_br_sped.efd_icms_ipi.c173 user,model_l10n_br_sped_efd_icms_ipi_c173,l10n_br_fiscal.group_user,1,0,0,0
access_efd_icms_ipi_c173_manager,l10n_br_sped.efd_icms_ipi.c173 manager,model_l10n_br_sped_efd_icms_ipi_c173,l10n_br_fiscal.group_manager,1,1,1,1
access_efd_icms_ipi_c174_user,l10n_br_sped.efd_icms_ipi.c174 user,model_l10n_br_sped_efd_icms_ipi_c174,l10n_br_fiscal.group_user,1,0,0,0
access_efd_icms_ipi_c174_manager,l10n_br_sped.efd_icms_ipi.c174 manager,model_l10n_br_sped_efd_icms_ipi_c174,l10n_br_fiscal.group_manager,1,1,1,1
access_efd_icms_ipi_c175_user,l10n_br_sped.efd_icms_ipi.c175 user,model_l10n_br_sped_efd_icms_ipi_c175,l10n_br_fiscal.group_user,1,0,0,0
access_efd_icms_ipi_c175_manager,l10n_br_sped.efd_icms_ipi.c175 manager,model_l10n_br_sped_efd_icms_ipi_c175,l10n_br_fiscal.group_manager,1,1,1,1
access_efd_icms_ipi_c176_user,l10n_br_sped.efd_icms_ipi.c176 user,model_l10n_br_sped_efd_icms_ipi_c176,l10n_br_fiscal.group_user,1,0,0,0
access_efd_icms_ipi_c176_manager,l10n_br_sped.efd_icms_ipi.c176 manager,model_l10n_br_sped_efd_icms_ipi_c176,l10n_br_fiscal.group_manager,1,1,1,1
access_efd_icms_ipi_c177_user,l10n_br_sped.efd_icms_ipi.c177 user,model_l10n_br_sped_efd_icms_ipi_c177,l10n_br_fiscal.group_user,1,0,0,0
access_efd_icms_ipi_c177_manager,l10n_br_sped.efd_icms_ipi.c177 manager,model_l10n_br_sped_efd_icms_ipi_c177,l10n_br_fiscal.group_manager,1,1,1,1
access_efd_icms_ipi_c178_user,l10n_br_sped.efd_icms_ipi.c178 user,model_l10n_br_sped_efd_icms_ipi_c178,l10n_br_fiscal.group_user,1,0,0,0
access_efd_icms_ipi_c178_manager,l10n_br_sped.efd_icms_ipi.c178 manager,model_l10n_br_sped_efd_icms_ipi_c178,l10n_br_fiscal.group_manager,1,1,1,1
access_efd_icms_ipi_c179_user,l10n_br_sped.efd_icms_ipi.c179 user,model_l10n_br_sped_efd_icms_ipi_c179,l10n_br_fiscal.group_user,1,0,0,0
access_efd_icms_ipi_c179_manager,l10n_br_sped.efd_icms_ipi.c179 manager,model_l10n_br_sped_efd_icms_ipi_c179,l10n_br_fiscal.group_manager,1,1,1,1
access_efd_icms_ipi_c180_user,l10n_br_sped.efd_icms_ipi.c180 user,model_l10n_br_sped_efd_icms_ipi_c180,l10n_br_fiscal.group_user,1,0,0,0
access_efd_icms_ipi_c180_manager,l10n_br_sped.efd_icms_ipi.c180 manager,model_l10n_br_sped_efd_icms_ipi_c180,l10n_br_fiscal.group_manager,1,1,1,1
access_efd_icms_ipi_c181_user,l10n_br_sped.efd_icms_ipi.c181 user,model_l10n_br_sped_efd_icms_ipi_c181,l10n_br_fiscal.group_user,1,0,0,0
access_efd_icms_ipi_c181_manager,l10n_br_sped.efd_icms_ipi.c181 manager,model_l10n_br_sped_efd_icms_ipi_c181,l10n_br_fiscal.group_manager,1,1,1,1
access_efd_icms_ipi_c185_user,l10n_br_sped.efd_icms_ipi.c185 user,model_l10n_br_sped_efd_icms_ipi_c185,l10n_br_fiscal.group_user,1,0,0,0
access_efd_icms_ipi_c185_manager,l10n_br_sped.efd_icms_ipi.c185 manager,model_l10n_br_sped_efd_icms_ipi_c185,l10n_br_fiscal.group_manager,1,1,1,1
access_efd_icms_ipi_c186_user,l10n_br_sped.efd_icms_ipi.c186 user,model_l10n_br_sped_efd_icms_ipi_c186,l10n_br_fiscal.group_user,1,0,0,0
access_efd_icms_ipi_c186_manager,l10n_br_sped.efd_icms_ipi.c186 manager,model_l10n_br_sped_efd_icms_ipi_c186,l10n_br_fiscal.group_manager,1,1,1,1
access_efd_icms_ipi_c190_user,l10n_br_sped.efd_icms_ipi.c190 user,model_l10n_br_sped_efd_icms_ipi_c190,l10n_br_fiscal.group_user,1,0,0,0
access_efd_icms_ipi_c190_manager,l10n_br_sped.efd_icms_ipi.c190 manager,model_l10n_br_sped_efd_icms_ipi_c190,l10n_br_fiscal.group_manager,1,1,1,1
access_efd_icms_ipi_c191_user,l10n_br_sped.efd_icms_ipi.c191 user,model_l10n_br_sped_efd_icms_ipi_c191,l10n_br_fiscal.group_user,1,0,0,0
access_efd_icms_ipi_c191_manager,l10n_br_sped.efd_icms_ipi.c191 manager,model_l10n_br_sped_efd_icms_ipi_c191,l10n_br_fiscal.group_manager,1,1,1,1
access_efd_icms_ipi_c195_user,l10n_br_sped.efd_icms_ipi.c195 user,model_l10n_br_sped_efd_icms_ipi_c195,l10n_br_fiscal.group_user,1,0,0,0
access_efd_icms_ipi_c195_manager,l10n_br_sped.efd_icms_ipi.c195 manager,model_l10n_br_sped_efd_icms_ipi_c195,l10n_br_fiscal.group_manager,1,1,1,1
access_efd_icms_ipi_c197_user,l10n_br_sped.efd_icms_ipi.c197 user,model_l10n_br_sped_efd_icms_ipi_c197,l10n_br_fiscal.group_user,1,0,0,0
access_efd_icms_ipi_c197_manager,l10n_br_sped.efd_icms_ipi.c197 manager,model_l10n_br_sped_efd_icms_ipi_c197,l10n_br_fiscal.group_manager,1,1,1,1
access_efd_icms_ipi_c300_user,l10n_br_sped.efd_icms_ipi.c300 user,model_l10n_br_sped_efd_icms_ipi_c300,l10n_br_fiscal.group_user,1,0,0,0
access_efd_icms_ipi_c300_manager,l10n_br_sped.efd_icms_ipi.c300 manager,model_l10n_br_sped_efd_icms_ipi_c300,l10n_br_fiscal.group_manager,1,1,1,1
access_efd_icms_ipi_c310_user,l10n_br_sped.efd_icms_ipi.c310 user,model_l10n_br_sped_efd_icms_ipi_c310,l10n_br_fiscal.group_user,1,0,0,0
access_efd_icms_ipi_c310_manager,l10n_br_sped.efd_icms_ipi.c310 manager,model_l10n_br_sped_efd_icms_ipi_c310,l10n_br_fiscal.group_manager,1,1,1,1
access_efd_icms_ipi_c320_user,l10n_br_sped.efd_icms_ipi.c320 user,model_l10n_br_sped_efd_icms_ipi_c320,l10n_br_fiscal.group_user,1,0,0,0
access_efd_icms_ipi_c320_manager,l10n_br_sped.efd_icms_ipi.c320 manager,model_l10n_br_sped_efd_icms_ipi_c320,l10n_br_fiscal.group_manager,1,1,1,1
access_efd_icms_ipi_c321_user,l10n_br_sped.efd_icms_ipi.c321 user,model_l10n_br_sped_efd_icms_ipi_c321,l10n_br_fiscal.group_user,1,0,0,0
access_efd_icms_ipi_c321_manager,l10n_br_sped.efd_icms_ipi.c321 manager,model_l10n_br_sped_efd_icms_ipi_c321,l10n_br_fiscal.group_manager,1,1,1,1
access_efd_icms_ipi_c330_user,l10n_br_sped.efd_icms_ipi.c330 user,model_l10n_br_sped_efd_icms_ipi_c330,l10n_br_fiscal.group_user,1,0,0,0
access_efd_icms_ipi_c330_manager,l10n_br_sped.efd_icms_ipi.c330 manager,model_l10n_br_sped_efd_icms_ipi_c330,l10n_br_fiscal.group_manager,1,1,1,1
access_efd_icms_ipi_c350_user,l10n_br_sped.efd_icms_ipi.c350 user,model_l10n_br_sped_efd_icms_ipi_c350,l10n_br_fiscal.group_user,1,0,0,0
access_efd_icms_ipi_c350_manager,l10n_br_sped.efd_icms_ipi.c350 manager,model_l10n_br_sped_efd_icms_ipi_c350,l10n_br_fiscal.group_manager,1,1,1,1
access_efd_icms_ipi_c370_user,l10n_br_sped.efd_icms_ipi.c370 user,model_l10n_br_sped_efd_icms_ipi_c370,l10n_br_fiscal.group_user,1,0,0,0
access_efd_icms_ipi_c370_manager,l10n_br_sped.efd_icms_ipi.c370 manager,model_l10n_br_sped_efd_icms_ipi_c370,l10n_br_fiscal.group_manager,1,1,1,1
access_efd_icms_ipi_c380_user,l10n_br_sped.efd_icms_ipi.c380 user,model_l10n_br_sped_efd_icms_ipi_c380,l10n_br_fiscal.group_user,1,0,0,0
access_efd_icms_ipi_c380_manager,l10n_br_sped.efd_icms_ipi.c380 manager,model_l10n_br_sped_efd_icms_ipi_c380,l10n_br_fiscal.group_manager,1,1,1,1
access_efd_icms_ipi_c390_user,l10n_br_sped.efd_icms_ipi.c390 user,model_l10n_br_sped_efd_icms_ipi_c390,l10n_br_fiscal.group_user,1,0,0,0
access_efd_icms_ipi_c390_manager,l10n_br_sped.efd_icms_ipi.c390 manager,model_l10n_br_sped_efd_icms_ipi_c390,l10n_br_fiscal.group_manager,1,1,1,1
access_efd_icms_ipi_c400_user,l10n_br_sped.efd_icms_ipi.c400 user,model_l10n_br_sped_efd_icms_ipi_c400,l10n_br_fiscal.group_user,1,0,0,0
access_efd_icms_ipi_c400_manager,l10n_br_sped.efd_icms_ipi.c400 manager,model_l10n_br_sped_efd_icms_ipi_c400,l10n_br_fiscal.group_manager,1,1,1,1
access_efd_icms_ipi_c405_user,l10n_br_sped.efd_icms_ipi.c405 user,model_l10n_br_sped_efd_icms_ipi_c405,l10n_br_fiscal.group_user,1,0,0,0
access_efd_icms_ipi_c405_manager,l10n_br_sped.efd_icms_ipi.c405 manager,model_l10n_br_sped_efd_icms_ipi_c405,l10n_br_fiscal.group_manager,1,1,1,1
access_efd_icms_ipi_c410_user,l10n_br_sped.efd_icms_ipi.c410 user,model_l10n_br_sped_efd_icms_ipi_c410,l10n_br_fiscal.group_user,1,0,0,0
access_efd_icms_ipi_c410_manager,l10n_br_sped.efd_icms_ipi.c410 manager,model_l10n_br_sped_efd_icms_ipi_c410,l10n_br_fiscal.group_manager,1,1,1,1
access_efd_icms_ipi_c420_user,l10n_br_sped.efd_icms_ipi.c420 user,model_l10n_br_sped_efd_icms_ipi_c420,l10n_br_fiscal.group_user,1,0,0,0
access_efd_icms_ipi_c420_manager,l10n_br_sped.efd_icms_ipi.c420 manager,model_l10n_br_sped_efd_icms_ipi_c420,l10n_br_fiscal.group_manager,1,1,1,1
access_efd_icms_ipi_c425_user,l10n_br_sped.efd_icms_ipi.c425 user,model_l10n_br_sped_efd_icms_ipi_c425,l10n_br_fiscal.group_user,1,0,0,0
access_efd_icms_ipi_c425_manager,l10n_br_sped.efd_icms_ipi.c425 manager,model_l10n_br_sped_efd_icms_ipi_c425,l10n_br_fiscal.group_manager,1,1,1,1
access_efd_icms_ipi_c430_user,l10n_br_sped.efd_icms_ipi.c430 user,model_l10n_br_sped_efd_icms_ipi_c430,l10n_br_fiscal.group_user,1,0,0,0
access_efd_icms_ipi_c430_manager,l10n_br_sped.efd_icms_ipi.c430 manager,model_l10n_br_sped_efd_icms_ipi_c430,l10n_br_fiscal.group_manager,1,1,1,1
access_efd_icms_ipi_c460_user,l10n_br_sped.efd_icms_ipi.c460 user,model_l10n_br_sped_efd_icms_ipi_c460,l10n_br_fiscal.group_user,1,0,0,0
access_efd_icms_ipi_c460_manager,l10n_br_sped.efd_icms_ipi.c460 manager,model_l10n_br_sped_efd_icms_ipi_c460,l10n_br_fiscal.group_manager,1,1,1,1
access_efd_icms_ipi_c465_user,l10n_br_sped.efd_icms_ipi.c465 user,model_l10n_br_sped_efd_icms_ipi_c465,l10n_br_fiscal.group_user,1,0,0,0
access_efd_icms_ipi_c465_manager,l10n_br_sped.efd_icms_ipi.c465 manager,model_l10n_br_sped_efd_icms_ipi_c465,l10n_br_fiscal.group_manager,1,1,1,1
access_efd_icms_ipi_c470_user,l10n_br_sped.efd_icms_ipi.c470 user,model_l10n_br_sped_efd_icms_ipi_c470,l10n_br_fiscal.group_user,1,0,0,0
access_efd_icms_ipi_c470_manager,l10n_br_sped.efd_icms_ipi.c470 manager,model_l10n_br_sped_efd_icms_ipi_c470,l10n_br_fiscal.group_manager,1,1,1,1
access_efd_icms_ipi_c480_user,l10n_br_sped.efd_icms_ipi.c480 user,model_l10n_br_sped_efd_icms_ipi_c480,l10n_br_fiscal.group_user,1,0,0,0
access_efd_icms_ipi_c480_manager,l10n_br_sped.efd_icms_ipi.c480 manager,model_l10n_br_sped_efd_icms_ipi_c480,l10n_br_fiscal.group_manager,1,1,1,1
access_efd_icms_ipi_c490_user,l10n_br_sped.efd_icms_ipi.c490 user,model_l10n_br_sped_efd_icms_ipi_c490,l10n_br_fiscal.group_user,1,0,0,0
access_efd_icms_ipi_c490_manager,l10n_br_sped.efd_icms_ipi.c490 manager,model_l10n_br_sped_efd_icms_ipi_c490,l10n_br_fiscal.group_manager,1,1,1,1
access_efd_icms_ipi_c495_user,l10n_br_sped.efd_icms_ipi.c495 user,model_l10n_br_sped_efd_icms_ipi_c495,l10n_br_fiscal.group_user,1,0,0,0
access_efd_icms_ipi_c495_manager,l10n_br_sped.efd_icms_ipi.c495 manager,model_l10n_br_sped_efd_icms_ipi_c495,l10n_br_fiscal.group_manager,1,1,1,1
access_efd_icms_ipi_c500_user,l10n_br_sped.efd_icms_ipi.c500 user,model_l10n_br_sped_efd_icms_ipi_c500,l10n_br_fiscal.group_user,1,0,0,0
access_efd_icms_ipi_c500_manager,l10n_br_sped.efd_icms_ipi.c500 manager,model_l10n_br_sped_efd_icms_ipi_c500,l10n_br_fiscal.group_manager,1,1,1,1
access_efd_icms_ipi_c510_user,l10n_br_sped.efd_icms_ipi.c510 user,model_l10n_br_sped_efd_icms_ipi_c510,l10n_br_fiscal.group_user,1,0,0,0
access_efd_icms_ipi_c510_manager,l10n_br_sped.efd_icms_ipi.c510 manager,model_l10n_br_sped_efd_icms_ipi_c510,l10n_br_fiscal.group_manager,1,1,1,1
access_efd_icms_ipi_c590_user,l10n_br_sped.efd_icms_ipi.c590 user,model_l10n_br_sped_efd_icms_ipi_c590,l10n_br_fiscal.group_user,1,0,0,0
access_efd_icms_ipi_c590_manager,l10n_br_sped.efd_icms_ipi.c590 manager,model_l10n_br_sped_efd_icms_ipi_c590,l10n_br_fiscal.group_manager,1,1,1,1
access_efd_icms_ipi_c591_user,l10n_br_sped.efd_icms_ipi.c591 user,model_l10n_br_sped_efd_icms_ipi_c591,l10n_br_fiscal.group_user,1,0,0,0
access_efd_icms_ipi_c591_manager,l10n_br_sped.efd_icms_ipi.c591 manager,model_l10n_br_sped_efd_icms_ipi_c591,l10n_br_fiscal.group_manager,1,1,1,1
access_efd_icms_ipi_c595_user,l10n_br_sped.efd_icms_ipi.c595 user,model_l10n_br_sped_efd_icms_ipi_c595,l10n_br_fiscal.group_user,1,0,0,0
access_efd_icms_ipi_c595_manager,l10n_br_sped.efd_icms_ipi.c595 manager,model_l10n_br_sped_efd_icms_ipi_c595,l10n_br_fiscal.group_manager,1,1,1,1
access_efd_icms_ipi_c597_user,l10n_br_sped.efd_icms_ipi.c597 user,model_l10n_br_sped_efd_icms_ipi_c597,l10n_br_fiscal.group_user,1,0,0,0
access_efd_icms_ipi_c597_manager,l10n_br_sped.efd_icms_ipi.c597 manager,model_l10n_br_sped_efd_icms_ipi_c597,l10n_br_fiscal.group_manager,1,1,1,1
access_efd_icms_ipi_c600_user,l10n_br_sped.efd_icms_ipi.c600 user,model_l10n_br_sped_efd_icms_ipi_c600,l10n_br_fiscal.group_user,1,0,0,0
access_efd_icms_ipi_c600_manager,l10n_br_sped.efd_icms_ipi.c600 manager,model_l10n_br_sped_efd_icms_ipi_c600,l10n_br_fiscal.group_manager,1,1,1,1
access_efd_icms_ipi_c601_user,l10n_br_sped.efd_icms_ipi.c601 user,model_l10n_br_sped_efd_icms_ipi_c601,l10n_br_fiscal.group_user,1,0,0,0
access_efd_icms_ipi_c601_manager,l10n_br_sped.efd_icms_ipi.c601 manager,model_l10n_br_sped_efd_icms_ipi_c601,l10n_br_fiscal.group_manager,1,1,1,1
access_efd_icms_ipi_c610_user,l10n_br_sped.efd_icms_ipi.c610 user,model_l10n_br_sped_efd_icms_ipi_c610,l10n_br_fiscal.group_user,1,0,0,0
access_efd_icms_ipi_c610_manager,l10n_br_sped.efd_icms_ipi.c610 manager,model_l10n_br_sped_efd_icms_ipi_c610,l10n_br_fiscal.group_manager,1,1,1,1
access_efd_icms_ipi_c690_user,l10n_br_sped.efd_icms_ipi.c690 user,model_l10n_br_sped_efd_icms_ipi_c690,l10n_br_fiscal.group_user,1,0,0,0
access_efd_icms_ipi_c690_manager,l10n_br_sped.efd_icms_ipi.c690 manager,model_l10n_br_sped_efd_icms_ipi_c690,l10n_br_fiscal.group_manager,1,1,1,1
access_efd_icms_ipi_c700_user,l10n_br_sped.efd_icms_ipi.c700 user,model_l10n_br_sped_efd_icms_ipi_c700,l10n_br_fiscal.group_user,1,0,0,0
access_efd_icms_ipi_c700_manager,l10n_br_sped.efd_icms_ipi.c700 manager,model_l10n_br_sped_efd_icms_ipi_c700,l10n_br_fiscal.group_manager,1,1,1,1
access_efd_icms_ipi_c790_user,l10n_br_sped.efd_icms_ipi.c790 user,model_l10n_br_sped_efd_icms_ipi_c790,l10n_br_fiscal.group_user,1,0,0,0
access_efd_icms_ipi_c790_manager,l10n_br_sped.efd_icms_ipi.c790 manager,model_l10n_br_sped_efd_icms_ipi_c790,l10n_br_fiscal.group_manager,1,1,1,1
access_efd_icms_ipi_c791_user,l10n_br_sped.efd_icms_ipi.c791 user,model_l10n_br_sped_efd_icms_ipi_c791,l10n_br_fiscal.group_user,1,0,0,0
access_efd_icms_ipi_c791_manager,l10n_br_sped.efd_icms_ipi.c791 manager,model_l10n_br_sped_efd_icms_ipi_c791,l10n_br_fiscal.group_manager,1,1,1,1
access_efd_icms_ipi_c800_user,l10n_br_sped.efd_icms_ipi.c800 user,model_l10n_br_sped_efd_icms_ipi_c800,l10n_br_fiscal.group_user,1,0,0,0
access_efd_icms_ipi_c800_manager,l10n_br_sped.efd_icms_ipi.c800 manager,model_l10n_br_sped_efd_icms_ipi_c800,l10n_br_fiscal.group_manager,1,1,1,1
access_efd_icms_ipi_c810_user,l10n_br_sped.efd_icms_ipi.c810 user,model_l10n_br_sped_efd_icms_ipi_c810,l10n_br_fiscal.group_user,1,0,0,0
access_efd_icms_ipi_c810_manager,l10n_br_sped.efd_icms_ipi.c810 manager,model_l10n_br_sped_efd_icms_ipi_c810,l10n_br_fiscal.group_manager,1,1,1,1
access_efd_icms_ipi_c815_user,l10n_br_sped.efd_icms_ipi.c815 user,model_l10n_br_sped_efd_icms_ipi_c815,l10n_br_fiscal.group_user,1,0,0,0
access_efd_icms_ipi_c815_manager,l10n_br_sped.efd_icms_ipi.c815 manager,model_l10n_br_sped_efd_icms_ipi_c815,l10n_br_fiscal.group_manager,1,1,1,1
access_efd_icms_ipi_c850_user,l10n_br_sped.efd_icms_ipi.c850 user,model_l10n_br_sped_efd_icms_ipi_c850,l10n_br_fiscal.group_user,1,0,0,0
access_efd_icms_ipi_c850_manager,l10n_br_sped.efd_icms_ipi.c850 manager,model_l10n_br_sped_efd_icms_ipi_c850,l10n_br_fiscal.group_manager,1,1,1,1
access_efd_icms_ipi_c855_user,l10n_br_sped.efd_icms_ipi.c855 user,model_l10n_br_sped_efd_icms_ipi_c855,l10n_br_fiscal.group_user,1,0,0,0
access_efd_icms_ipi_c855_manager,l10n_br_sped.efd_icms_ipi.c855 manager,model_l10n_br_sped_efd_icms_ipi_c855,l10n_br_fiscal.group_manager,1,1,1,1
access_efd_icms_ipi_c857_user,l10n_br_sped.efd_icms_ipi.c857 user,model_l10n_br_sped_efd_icms_ipi_c857,l10n_br_fiscal.group_user,1,0,0,0
access_efd_icms_ipi_c857_manager,l10n_br_sped.efd_icms_ipi.c857 manager,model_l10n_br_sped_efd_icms_ipi_c857,l10n_br_fiscal.group_manager,1,1,1,1
access_efd_icms_ipi_c860_user,l10n_br_sped.efd_icms_ipi.c860 user,model_l10n_br_sped_efd_icms_ipi_c860,l10n_br_fiscal.group_user,1,0,0,0
access_efd_icms_ipi_c860_manager,l10n_br_sped.efd_icms_ipi.c860 manager,model_l10n_br_sped_efd_icms_ipi_c860,l10n_br_fiscal.group_manager,1,1,1,1
access_efd_icms_ipi_c870_user,l10n_br_sped.efd_icms_ipi.c870 user,model_l10n_br_sped_efd_icms_ipi_c870,l10n_br_fiscal.group_user,1,0,0,0
access_efd_icms_ipi_c870_manager,l10n_br_sped.efd_icms_ipi.c870 manager,model_l10n_br_sped_efd_icms_ipi_c870,l10n_br_fiscal.group_manager,1,1,1,1
access_efd_icms_ipi_c880_user,l10n_br_sped.efd_icms_ipi.c880 user,model_l10n_br_sped_efd_icms_ipi_c880,l10n_br_fiscal.group_user,1,0,0,0
access_efd_icms_ipi_c880_manager,l10n_br_sped.efd_icms_ipi.c880 manager,model_l10n_br_sped_efd_icms_ipi_c880,l10n_br_fiscal.group_manager,1,1,1,1
access_efd_icms_ipi_c890_user,l10n_br_sped.efd_icms_ipi.c890 user,model_l10n_br_sped_efd_icms_ipi_c890,l10n_br_fiscal.group_user,1,0,0,0
access_efd_icms_ipi_c890_manager,l10n_br_sped.efd_icms_ipi.c890 manager,model_l10n_br_sped_efd_icms_ipi_c890,l10n_br_fiscal.group_manager,1,1,1,1
access_efd_icms_ipi_c895_user,l10n_br_sped.efd_icms_ipi.c895 user,model_l10n_br_sped_efd_icms_ipi_c895,l10n_br_fiscal.group_user,1,0,0,0
access_efd_icms_ipi_c895_manager,l10n_br_sped.efd_icms_ipi.c895 manager,model_l10n_br_sped_efd_icms_ipi_c895,l10n_br_fiscal.group_manager,1,1,1,1
access_efd_icms_ipi_c897_user,l10n_br_sped.efd_icms_ipi.c897 user,model_l10n_br_sped_efd_icms_ipi_c897,l10n_br_fiscal.group_user,1,0,0,0
access_efd_icms_ipi_c897_manager,l10n_br_sped.efd_icms_ipi.c897 manager,model_l10n_br_sped_efd_icms_ipi_c897,l10n_br_fiscal.group_manager,1,1,1,1
access_efd_icms_ipi_d100_user,l10n_br_sped.efd_icms_ipi.d100 user,model_l10n_br_sped_efd_icms_ipi_d100,l10n_br_fiscal.group_user,1,0,0,0
access_efd_icms_ipi_d100_manager,l10n_br_sped.efd_icms_ipi.d100 manager,model_l10n_br_sped_efd_icms_ipi_d100,l10n_br_fiscal.group_manager,1,1,1,1
access_efd_icms_ipi_d110_user,l10n_br_sped.efd_icms_ipi.d110 user,model_l10n_br_sped_efd_icms_ipi_d110,l10n_br_fiscal.group_user,1,0,0,0
access_efd_icms_ipi_d110_manager,l10n_br_sped.efd_icms_ipi.d110 manager,model_l10n_br_sped_efd_icms_ipi_d110,l10n_br_fiscal.group_manager,1,1,1,1
access_efd_icms_ipi_d120_user,l10n_br_sped.efd_icms_ipi.d120 user,model_l10n_br_sped_efd_icms_ipi_d120,l10n_br_fiscal.group_user,1,0,0,0
access_efd_icms_ipi_d120_manager,l10n_br_sped.efd_icms_ipi.d120 manager,model_l10n_br_sped_efd_icms_ipi_d120,l10n_br_fiscal.group_manager,1,1,1,1
access_efd_icms_ipi_d130_user,l10n_br_sped.efd_icms_ipi.d130 user,model_l10n_br_sped_efd_icms_ipi_d130,l10n_br_fiscal.group_user,1,0,0,0
access_efd_icms_ipi_d130_manager,l10n_br_sped.efd_icms_ipi.d130 manager,model_l10n_br_sped_efd_icms_ipi_d130,l10n_br_fiscal.group_manager,1,1,1,1
access_efd_icms_ipi_d140_user,l10n_br_sped.efd_icms_ipi.d140 user,model_l10n_br_sped_efd_icms_ipi_d140,l10n_br_fiscal.group_user,1,0,0,0
access_efd_icms_ipi_d140_manager,l10n_br_sped.efd_icms_ipi.d140 manager,model_l10n_br_sped_efd_icms_ipi_d140,l10n_br_fiscal.group_manager,1,1,1,1
access_efd_icms_ipi_d150_user,l10n_br_sped.efd_icms_ipi.d150 user,model_l10n_br_sped_efd_icms_ipi_d150,l10n_br_fiscal.group_user,1,0,0,0
access_efd_icms_ipi_d150_manager,l10n_br_sped.efd_icms_ipi.d150 manager,model_l10n_br_sped_efd_icms_ipi_d150,l10n_br_fiscal.group_manager,1,1,1,1
access_efd_icms_ipi_d160_user,l10n_br_sped.efd_icms_ipi.d160 user,model_l10n_br_sped_efd_icms_ipi_d160,l10n_br_fiscal.group_user,1,0,0,0
access_efd_icms_ipi_d160_manager,l10n_br_sped.efd_icms_ipi.d160 manager,model_l10n_br_sped_efd_icms_ipi_d160,l10n_br_fiscal.group_manager,1,1,1,1
access_efd_icms_ipi_d161_user,l10n_br_sped.efd_icms_ipi.d161 user,model_l10n_br_sped_efd_icms_ipi_d161,l10n_br_fiscal.group_user,1,0,0,0
access_efd_icms_ipi_d161_manager,l10n_br_sped.efd_icms_ipi.d161 manager,model_l10n_br_sped_efd_icms_ipi_d161,l10n_br_fiscal.group_manager,1,1,1,1
access_efd_icms_ipi_d162_user,l10n_br_sped.efd_icms_ipi.d162 user,model_l10n_br_sped_efd_icms_ipi_d162,l10n_br_fiscal.group_user,1,0,0,0
access_efd_icms_ipi_d162_manager,l10n_br_sped.efd_icms_ipi.d162 manager,model_l10n_br_sped_efd_icms_ipi_d162,l10n_br_fiscal.group_manager,1,1,1,1
access_efd_icms_ipi_d170_user,l10n_br_sped.efd_icms_ipi.d170 user,model_l10n_br_sped_efd_icms_ipi_d170,l10n_br_fiscal.group_user,1,0,0,0
access_efd_icms_ipi_d170_manager,l10n_br_sped.efd_icms_ipi.d170 manager,model_l10n_br_sped_efd_icms_ipi_d170,l10n_br_fiscal.group_manager,1,1,1,1
access_efd_icms_ipi_d180_user,l10n_br_sped.efd_icms_ipi.d180 user,model_l10n_br_sped_efd_icms_ipi_d180,l10n_br_fiscal.group_user,1,0,0,0
access_efd_icms_ipi_d180_manager,l10n_br_sped.efd_icms_ipi.d180 manager,model_l10n_br_sped_efd_icms_ipi_d180,l10n_br_fiscal.group_manager,1,1,1,1
access_efd_icms_ipi_d190_user,l10n_br_sped.efd_icms_ipi.d190 user,model_l10n_br_sped_efd_icms_ipi_d190,l10n_br_fiscal.group_user,1,0,0,0
access_efd_icms_ipi_d190_manager,l10n_br_sped.efd_icms_ipi.d190 manager,model_l10n_br_sped_efd_icms_ipi_d190,l10n_br_fiscal.group_manager,1,1,1,1
access_efd_icms_ipi_d195_user,l10n_br_sped.efd_icms_ipi.d195 user,model_l10n_br_sped_efd_icms_ipi_d195,l10n_br_fiscal.group_user,1,0,0,0
access_efd_icms_ipi_d195_manager,l10n_br_sped.efd_icms_ipi.d195 manager,model_l10n_br_sped_efd_icms_ipi_d195,l10n_br_fiscal.group_manager,1,1,1,1
access_efd_icms_ipi_d197_user,l10n_br_sped.efd_icms_ipi.d197 user,model_l10n_br_sped_efd_icms_ipi_d197,l10n_br_fiscal.group_user,1,0,0,0
access_efd_icms_ipi_d197_manager,l10n_br_sped.efd_icms_ipi.d197 manager,model_l10n_br_sped_efd_icms_ipi_d197,l10n_br_fiscal.group_manager,1,1,1,1
access_efd_icms_ipi_d300_user,l10n_br_sped.efd_icms_ipi.d300 user,model_l10n_br_sped_efd_icms_ipi_d300,l10n_br_fiscal.group_user,1,0,0,0
access_efd_icms_ipi_d300_manager,l10n_br_sped.efd_icms_ipi.d300 manager,model_l10n_br_sped_efd_icms_ipi_d300,l10n_br_fiscal.group_manager,1,1,1,1
access_efd_icms_ipi_d301_user,l10n_br_sped.efd_icms_ipi.d301 user,model_l10n_br_sped_efd_icms_ipi_d301,l10n_br_fiscal.group_user,1,0,0,0
access_efd_icms_ipi_d301_manager,l10n_br_sped.efd_icms_ipi.d301 manager,model_l10n_br_sped_efd_icms_ipi_d301,l10n_br_fiscal.group_manager,1,1,1,1
access_efd_icms_ipi_d310_user,l10n_br_sped.efd_icms_ipi.d310 user,model_l10n_br_sped_efd_icms_ipi_d310,l10n_br_fiscal.group_user,1,0,0,0
access_efd_icms_ipi_d310_manager,l10n_br_sped.efd_icms_ipi.d310 manager,model_l10n_br_sped_efd_icms_ipi_d310,l10n_br_fiscal.group_manager,1,1,1,1
access_efd_icms_ipi_d350_user,l10n_br_sped.efd_icms_ipi.d350 user,model_l10n_br_sped_efd_icms_ipi_d350,l10n_br_fiscal.group_user,1,0,0,0
access_efd_icms_ipi_d350_manager,l10n_br_sped.efd_icms_ipi.d350 manager,model_l10n_br_sped_efd_icms_ipi_d350,l10n_br_fiscal.group_manager,1,1,1,1
access_efd_icms_ipi_d355_user,l10n_br_sped.efd_icms_ipi.d355 user,model_l10n_br_sped_efd_icms_ipi_d355,l10n_br_fiscal.group_user,1,0,0,0
access_efd_icms_ipi_d355_manager,l10n_br_sped.efd_icms_ipi.d355 manager,model_l10n_br_sped_efd_icms_ipi_d355,l10n_br_fiscal.group_manager,1,1,1,1
access_efd_icms_ipi_d360_user,l10n_br_sped.efd_icms_ipi.d360 user,model_l10n_br_sped_efd_icms_ipi_d360,l10n_br_fiscal.group_user,1,0,0,0
access_efd_icms_ipi_d360_manager,l10n_br_sped.efd_icms_ipi.d360 manager,model_l10n_br_sped_efd_icms_ipi_d360,l10n_br_fiscal.group_manager,1,1,1,1
access_efd_icms_ipi_d365_user,l10n_br_sped.efd_icms_ipi.d365 user,model_l10n_br_sped_efd_icms_ipi_d365,l10n_br_fiscal.group_user,1,0,0,0
access_efd_icms_ipi_d365_manager,l10n_br_sped.efd_icms_ipi.d365 manager,model_l10n_br_sped_efd_icms_ipi_d365,l10n_br_fiscal.group_manager,1,1,1,1
access_efd_icms_ipi_d370_user,l10n_br_sped.efd_icms_ipi.d370 user,model_l10n_br_sped_efd_icms_ipi_d370,l10n_br_fiscal.group_user,1,0,0,0
access_efd_icms_ipi_d370_manager,l10n_br_sped.efd_icms_ipi.d370 manager,model_l10n_br_sped_efd_icms_ipi_d370,l10n_br_fiscal.group_manager,1,1,1,1
access_efd_icms_ipi_d390_user,l10n_br_sped.efd_icms_ipi.d390 user,model_l10n_br_sped_efd_icms_ipi_d390,l10n_br_fiscal.group_user,1,0,0,0
access_efd_icms_ipi_d390_manager,l10n_br_sped.efd_icms_ipi.d390 manager,model_l10n_br_sped_efd_icms_ipi_d390,l10n_br_fiscal.group_manager,1,1,1,1
access_efd_icms_ipi_d400_user,l10n_br_sped.efd_icms_ipi.d400 user,model_l10n_br_sped_efd_icms_ipi_d400,l10n_br_fiscal.group_user,1,0,0,0
access_efd_icms_ipi_d400_manager,l10n_br_sped.efd_icms_ipi.d400 manager,model_l10n_br_sped_efd_icms_ipi_d400,l10n_br_fiscal.group_manager,1,1,1,1
access_efd_icms_ipi_d410_user,l10n_br_sped.efd_icms_ipi.d410 user,model_l10n_br_sped_efd_icms_ipi_d410,l10n_br_fiscal.group_user,1,0,0,0
access_efd_icms_ipi_d410_manager,l10n_br_sped.efd_icms_ipi.d410 manager,model_l10n_br_sped_efd_icms_ipi_d410,l10n_br_fiscal.group_manager,1,1,1,1
access_efd_icms_ipi_d411_user,l10n_br_sped.efd_icms_ipi.d411 user,model_l10n_br_sped_efd_icms_ipi_d411,l10n_br_fiscal.group_user,1,0,0,0
access_efd_icms_ipi_d411_manager,l10n_br_sped.efd_icms_ipi.d411 manager,model_l10n_br_sped_efd_icms_ipi_d411,l10n_br_fiscal.group_manager,1,1,1,1
access_efd_icms_ipi_d420_user,l10n_br_sped.efd_icms_ipi.d420 user,model_l10n_br_sped_efd_icms_ipi_d420,l10n_br_fiscal.group_user,1,0,0,0
access_efd_icms_ipi_d420_manager,l10n_br_sped.efd_icms_ipi.d420 manager,model_l10n_br_sped_efd_icms_ipi_d420,l10n_br_fiscal.group_manager,1,1,1,1
access_efd_icms_ipi_d500_user,l10n_br_sped.efd_icms_ipi.d500 user,model_l10n_br_sped_efd_icms_ipi_d500,l10n_br_fiscal.group_user,1,0,0,0
access_efd_icms_ipi_d500_manager,l10n_br_sped.efd_icms_ipi.d500 manager,model_l10n_br_sped_efd_icms_ipi_d500,l10n_br_fiscal.group_manager,1,1,1,1
access_efd_icms_ipi_d510_user,l10n_br_sped.efd_icms_ipi.d510 user,model_l10n_br_sped_efd_icms_ipi_d510,l10n_br_fiscal.group_user,1,0,0,0
access_efd_icms_ipi_d510_manager,l10n_br_sped.efd_icms_ipi.d510 manager,model_l10n_br_sped_efd_icms_ipi_d510,l10n_br_fiscal.group_manager,1,1,1,1
access_efd_icms_ipi_d530_user,l10n_br_sped.efd_icms_ipi.d530 user,model_l10n_br_sped_efd_icms_ipi_d530,l10n_br_fiscal.group_user,1,0,0,0
access_efd_icms_ipi_d530_manager,l10n_br_sped.efd_icms_ipi.d530 manager,model_l10n_br_sped_efd_icms_ipi_d530,l10n_br_fiscal.group_manager,1,1,1,1
access_efd_icms_ipi_d590_user,l10n_br_sped.efd_icms_ipi.d590 user,model_l10n_br_sped_efd_icms_ipi_d590,l10n_br_fiscal.group_user,1,0,0,0
access_efd_icms_ipi_d590_manager,l10n_br_sped.efd_icms_ipi.d590 manager,model_l10n_br_sped_efd_icms_ipi_d590,l10n_br_fiscal.group_manager,1,1,1,1
access_efd_icms_ipi_d600_user,l10n_br_sped.efd_icms_ipi.d600 user,model_l10n_br_sped_efd_icms_ipi_d600,l10n_br_fiscal.group_user,1,0,0,0
access_efd_icms_ipi_d600_manager,l10n_br_sped.efd_icms_ipi.d600 manager,model_l10n_br_sped_efd_icms_ipi_d600,l10n_br_fiscal.group_manager,1,1,1,1
access_efd_icms_ipi_d610_user,l10n_br_sped.efd_icms_ipi.d610 user,model_l10n_br_sped_efd_icms_ipi_d610,l10n_br_fiscal.group_user,1,0,0,0
access_efd_icms_ipi_d610_manager,l10n_br_sped.efd_icms_ipi.d610 manager,model_l10n_br_sped_efd_icms_ipi_d610,l10n_br_fiscal.group_manager,1,1,1,1
access_efd_icms_ipi_d690_user,l10n_br_sped.efd_icms_ipi.d690 user,model_l10n_br_sped_efd_icms_ipi_d690,l10n_br_fiscal.group_user,1,0,0,0
access_efd_icms_ipi_d690_manager,l10n_br_sped.efd_icms_ipi.d690 manager,model_l10n_br_sped_efd_icms_ipi_d690,l10n_br_fiscal.group_manager,1,1,1,1
access_efd_icms_ipi_d695_user,l10n_br_sped.efd_icms_ipi.d695 user,model_l10n_br_sped_efd_icms_ipi_d695,l10n_br_fiscal.group_user,1,0,0,0
access_efd_icms_ipi_d695_manager,l10n_br_sped.efd_icms_ipi.d695 manager,model_l10n_br_sped_efd_icms_ipi_d695,l10n_br_fiscal.group_manager,1,1,1,1
access_efd_icms_ipi_d696_user,l10n_br_sped.efd_icms_ipi.d696 user,model_l10n_br_sped_efd_icms_ipi_d696,l10n_br_fiscal.group_user,1,0,0,0
access_efd_icms_ipi_d696_manager,l10n_br_sped.efd_icms_ipi.d696 manager,model_l10n_br_sped_efd_icms_ipi_d696,l10n_br_fiscal.group_manager,1,1,1,1
access_efd_icms_ipi_d697_user,l10n_br_sped.efd_icms_ipi.d697 user,model_l10n_br_sped_efd_icms_ipi_d697,l10n_br_fiscal.group_user,1,0,0,0
access_efd_icms_ipi_d697_manager,l10n_br_sped.efd_icms_ipi.d697 manager,model_l10n_br_sped_efd_icms_ipi_d697,l10n_br_fiscal.group_manager,1,1,1,1
access_efd_icms_ipi_d700_user,l10n_br_sped.efd_icms_ipi.d700 user,model_l10n_br_sped_efd_icms_ipi_d700,l10n_br_fiscal.group_user,1,0,0,0
access_efd_icms_ipi_d700_manager,l10n_br_sped.efd_icms_ipi.d700 manager,model_l10n_br_sped_efd_icms_ipi_d700,l10n_br_fiscal.group_manager,1,1,1,1
access_efd_icms_ipi_d730_user,l10n_br_sped.efd_icms_ipi.d730 user,model_l10n_br_sped_efd_icms_ipi_d730,l10n_br_fiscal.group_user,1,0,0,0
access_efd_icms_ipi_d730_manager,l10n_br_sped.efd_icms_ipi.d730 manager,model_l10n_br_sped_efd_icms_ipi_d730,l10n_br_fiscal.group_manager,1,1,1,1
access_efd_icms_ipi_d731_user,l10n_br_sped.efd_icms_ipi.d731 user,model_l10n_br_sped_efd_icms_ipi_d731,l10n_br_fiscal.group_user,1,0,0,0
access_efd_icms_ipi_d731_manager,l10n_br_sped.efd_icms_ipi.d731 manager,model_l10n_br_sped_efd_icms_ipi_d731,l10n_br_fiscal.group_manager,1,1,1,1
access_efd_icms_ipi_d735_user,l10n_br_sped.efd_icms_ipi.d735 user,model_l10n_br_sped_efd_icms_ipi_d735,l10n_br_fiscal.group_user,1,0,0,0
access_efd_icms_ipi_d735_manager,l10n_br_sped.efd_icms_ipi.d735 manager,model_l10n_br_sped_efd_icms_ipi_d735,l10n_br_fiscal.group_manager,1,1,1,1
access_efd_icms_ipi_d737_user,l10n_br_sped.efd_icms_ipi.d737 user,model_l10n_br_sped_efd_icms_ipi_d737,l10n_br_fiscal.group_user,1,0,0,0
access_efd_icms_ipi_d737_manager,l10n_br_sped.efd_icms_ipi.d737 manager,model_l10n_br_sped_efd_icms_ipi_d737,l10n_br_fiscal.group_manager,1,1,1,1
access_efd_icms_ipi_d750_user,l10n_br_sped.efd_icms_ipi.d750 user,model_l10n_br_sped_efd_icms_ipi_d750,l10n_br_fiscal.group_user,1,0,0,0
access_efd_icms_ipi_d750_manager,l10n_br_sped.efd_icms_ipi.d750 manager,model_l10n_br_sped_efd_icms_ipi_d750,l10n_br_fiscal.group_manager,1,1,1,1
access_efd_icms_ipi_d760_user,l10n_br_sped.efd_icms_ipi.d760 user,model_l10n_br_sped_efd_icms_ipi_d760,l10n_br_fiscal.group_user,1,0,0,0
access_efd_icms_ipi_d760_manager,l10n_br_sped.efd_icms_ipi.d760 manager,model_l10n_br_sped_efd_icms_ipi_d760,l10n_br_fiscal.group_manager,1,1,1,1
access_efd_icms_ipi_d761_user,l10n_br_sped.efd_icms_ipi.d761 user,model_l10n_br_sped_efd_icms_ipi_d761,l10n_br_fiscal.group_user,1,0,0,0
access_efd_icms_ipi_d761_manager,l10n_br_sped.efd_icms_ipi.d761 manager,model_l10n_br_sped_efd_icms_ipi_d761,l10n_br_fiscal.group_manager,1,1,1,1
access_efd_icms_ipi_e100_user,l10n_br_sped.efd_icms_ipi.e100 user,model_l10n_br_sped_efd_icms_ipi_e100,l10n_br_fiscal.group_user,1,0,0,0
access_efd_icms_ipi_e100_manager,l10n_br_sped.efd_icms_ipi.e100 manager,model_l10n_br_sped_efd_icms_ipi_e100,l10n_br_fiscal.group_manager,1,1,1,1
access_efd_icms_ipi_e110_user,l10n_br_sped.efd_icms_ipi.e110 user,model_l10n_br_sped_efd_icms_ipi_e110,l10n_br_fiscal.group_user,1,0,0,0
access_efd_icms_ipi_e110_manager,l10n_br_sped.efd_icms_ipi.e110 manager,model_l10n_br_sped_efd_icms_ipi_e110,l10n_br_fiscal.group_manager,1,1,1,1
access_efd_icms_ipi_e111_user,l10n_br_sped.efd_icms_ipi.e111 user,model_l10n_br_sped_efd_icms_ipi_e111,l10n_br_fiscal.group_user,1,0,0,0
access_efd_icms_ipi_e111_manager,l10n_br_sped.efd_icms_ipi.e111 manager,model_l10n_br_sped_efd_icms_ipi_e111,l10n_br_fiscal.group_manager,1,1,1,1
access_efd_icms_ipi_e112_user,l10n_br_sped.efd_icms_ipi.e112 user,model_l10n_br_sped_efd_icms_ipi_e112,l10n_br_fiscal.group_user,1,0,0,0
access_efd_icms_ipi_e112_manager,l10n_br_sped.efd_icms_ipi.e112 manager,model_l10n_br_sped_efd_icms_ipi_e112,l10n_br_fiscal.group_manager,1,1,1,1
access_efd_icms_ipi_e113_user,l10n_br_sped.efd_icms_ipi.e113 user,model_l10n_br_sped_efd_icms_ipi_e113,l10n_br_fiscal.group_user,1,0,0,0
access_efd_icms_ipi_e113_manager,l10n_br_sped.efd_icms_ipi.e113 manager,model_l10n_br_sped_efd_icms_ipi_e113,l10n_br_fiscal.group_manager,1,1,1,1
access_efd_icms_ipi_e115_user,l10n_br_sped.efd_icms_ipi.e115 user,model_l10n_br_sped_efd_icms_ipi_e115,l10n_br_fiscal.group_user,1,0,0,0
access_efd_icms_ipi_e115_manager,l10n_br_sped.efd_icms_ipi.e115 manager,model_l10n_br_sped_efd_icms_ipi_e115,l10n_br_fiscal.group_manager,1,1,1,1
access_efd_icms_ipi_e116_user,l10n_br_sped.efd_icms_ipi.e116 user,model_l10n_br_sped_efd_icms_ipi_e116,l10n_br_fiscal.group_user,1,0,0,0
access_efd_icms_ipi_e116_manager,l10n_br_sped.efd_icms_ipi.e116 manager,model_l10n_br_sped_efd_icms_ipi_e116,l10n_br_fiscal.group_manager,1,1,1,1
access_efd_icms_ipi_e200_user,l10n_br_sped.efd_icms_ipi.e200 user,model_l10n_br_sped_efd_icms_ipi_e200,l10n_br_fiscal.group_user,1,0,0,0
access_efd_icms_ipi_e200_manager,l10n_br_sped.efd_icms_ipi.e200 manager,model_l10n_br_sped_efd_icms_ipi_e200,l10n_br_fiscal.group_manager,1,1,1,1
access_efd_icms_ipi_e210_user,l10n_br_sped.efd_icms_ipi.e210 user,model_l10n_br_sped_efd_icms_ipi_e210,l10n_br_fiscal.group_user,1,0,0,0
access_efd_icms_ipi_e210_manager,l10n_br_sped.efd_icms_ipi.e210 manager,model_l10n_br_sped_efd_icms_ipi_e210,l10n_br_fiscal.group_manager,1,1,1,1
access_efd_icms_ipi_e230_user,l10n_br_sped.efd_icms_ipi.e230 user,model_l10n_br_sped_efd_icms_ipi_e230,l10n_br_fiscal.group_user,1,0,0,0
access_efd_icms_ipi_e230_manager,l10n_br_sped.efd_icms_ipi.e230 manager,model_l10n_br_sped_efd_icms_ipi_e230,l10n_br_fiscal.group_manager,1,1,1,1
access_efd_icms_ipi_e240_user,l10n_br_sped.efd_icms_ipi.e240 user,model_l10n_br_sped_efd_icms_ipi_e240,l10n_br_fiscal.group_user,1,0,0,0
access_efd_icms_ipi_e240_manager,l10n_br_sped.efd_icms_ipi.e240 manager,model_l10n_br_sped_efd_icms_ipi_e240,l10n_br_fiscal.group_manager,1,1,1,1
access_efd_icms_ipi_e250_user,l10n_br_sped.efd_icms_ipi.e250 user,model_l10n_br_sped_efd_icms_ipi_e250,l10n_br_fiscal.group_user,1,0,0,0
access_efd_icms_ipi_e250_manager,l10n_br_sped.efd_icms_ipi.e250 manager,model_l10n_br_sped_efd_icms_ipi_e250,l10n_br_fiscal.group_manager,1,1,1,1
access_efd_icms_ipi_e300_user,l10n_br_sped.efd_icms_ipi.e300 user,model_l10n_br_sped_efd_icms_ipi_e300,l10n_br_fiscal.group_user,1,0,0,0
access_efd_icms_ipi_e300_manager,l10n_br_sped.efd_icms_ipi.e300 manager,model_l10n_br_sped_efd_icms_ipi_e300,l10n_br_fiscal.group_manager,1,1,1,1
access_efd_icms_ipi_e310_user,l10n_br_sped.efd_icms_ipi.e310 user,model_l10n_br_sped_efd_icms_ipi_e310,l10n_br_fiscal.group_user,1,0,0,0
access_efd_icms_ipi_e310_manager,l10n_br_sped.efd_icms_ipi.e310 manager,model_l10n_br_sped_efd_icms_ipi_e310,l10n_br_fiscal.group_manager,1,1,1,1
access_efd_icms_ipi_e311_user,l10n_br_sped.efd_icms_ipi.e311 user,model_l10n_br_sped_efd_icms_ipi_e311,l10n_br_fiscal.group_user,1,0,0,0
access_efd_icms_ipi_e311_manager,l10n_br_sped.efd_icms_ipi.e311 manager,model_l10n_br_sped_efd_icms_ipi_e311,l10n_br_fiscal.group_manager,1,1,1,1
access_efd_icms_ipi_e312_user,l10n_br_sped.efd_icms_ipi.e312 user,model_l10n_br_sped_efd_icms_ipi_e312,l10n_br_fiscal.group_user,1,0,0,0
access_efd_icms_ipi_e312_manager,l10n_br_sped.efd_icms_ipi.e312 manager,model_l10n_br_sped_efd_icms_ipi_e312,l10n_br_fiscal.group_manager,1,1,1,1
access_efd_icms_ipi_e313_user,l10n_br_sped.efd_icms_ipi.e313 user,model_l10n_br_sped_efd_icms_ipi_e313,l10n_br_fiscal.group_user,1,0,0,0
access_efd_icms_ipi_e313_manager,l10n_br_sped.efd_icms_ipi.e313 manager,model_l10n_br_sped_efd_icms_ipi_e313,l10n_br_fiscal.group_manager,1,1,1,1
access_efd_icms_ipi_e316_user,l10n_br_sped.efd_icms_ipi.e316 user,model_l10n_br_sped_efd_icms_ipi_e316,l10n_br_fiscal.group_user,1,0,0,0
access_efd_icms_ipi_e316_manager,l10n_br_sped.efd_icms_ipi.e316 manager,model_l10n_br_sped_efd_icms_ipi_e316,l10n_br_fiscal.group_manager,1,1,1,1
access_efd_icms_ipi_e500_user,l10n_br_sped.efd_icms_ipi.e500 user,model_l10n_br_sped_efd_icms_ipi_e500,l10n_br_fiscal.group_user,1,0,0,0
access_efd_icms_ipi_e500_manager,l10n_br_sped.efd_icms_ipi.e500 manager,model_l10n_br_sped_efd_icms_ipi_e500,l10n_br_fiscal.group_manager,1,1,1,1
access_efd_icms_ipi_e510_user,l10n_br_sped.efd_icms_ipi.e510 user,model_l10n_br_sped_efd_icms_ipi_e510,l10n_br_fiscal.group_user,1,0,0,0
access_efd_icms_ipi_e510_manager,l10n_br_sped.efd_icms_ipi.e510 manager,model_l10n_br_sped_efd_icms_ipi_e510,l10n_br_fiscal.group_manager,1,1,1,1
access_efd_icms_ipi_e520_user,l10n_br_sped.efd_icms_ipi.e520 user,model_l10n_br_sped_efd_icms_ipi_e520,l10n_br_fiscal.group_user,1,0,0,0
access_efd_icms_ipi_e520_manager,l10n_br_sped.efd_icms_ipi.e520 manager,model_l10n_br_sped_efd_icms_ipi_e520,l10n_br_fiscal.group_manager,1,1,1,1
access_efd_icms_ipi_e530_user,l10n_br_sped.efd_icms_ipi.e530 user,model_l10n_br_sped_efd_icms_ipi_e530,l10n_br_fiscal.group_user,1,0,0,0
access_efd_icms_ipi_e530_manager,l10n_br_sped.efd_icms_ipi.e530 manager,model_l10n_br_sped_efd_icms_ipi_e530,l10n_br_fiscal.group_manager,1,1,1,1
access_efd_icms_ipi_e531_user,l10n_br_sped.efd_icms_ipi.e531 user,model_l10n_br_sped_efd_icms_ipi_e531,l10n_br_fiscal.group_user,1,0,0,0
access_efd_icms_ipi_e531_manager,l10n_br_sped.efd_icms_ipi.e531 manager,model_l10n_br_sped_efd_icms_ipi_e531,l10n_br_fiscal.group_manager,1,1,1,1
access_efd_icms_ipi_g110_user,l10n_br_sped.efd_icms_ipi.g110 user,model_l10n_br_sped_efd_icms_ipi_g110,l10n_br_fiscal.group_user,1,0,0,0
access_efd_icms_ipi_g110_manager,l10n_br_sped.efd_icms_ipi.g110 manager,model_l10n_br_sped_efd_icms_ipi_g110,l10n_br_fiscal.group_manager,1,1,1,1
access_efd_icms_ipi_g126_user,l10n_br_sped.efd_icms_ipi.g126 user,model_l10n_br_sped_efd_icms_ipi_g126,l10n_br_fiscal.group_user,1,0,0,0
access_efd_icms_ipi_g126_manager,l10n_br_sped.efd_icms_ipi.g126 manager,model_l10n_br_sped_efd_icms_ipi_g126,l10n_br_fiscal.group_manager,1,1,1,1
access_efd_icms_ipi_g130_user,l10n_br_sped.efd_icms_ipi.g130 user,model_l10n_br_sped_efd_icms_ipi_g130,l10n_br_fiscal.group_user,1,0,0,0
access_efd_icms_ipi_g130_manager,l10n_br_sped.efd_icms_ipi.g130 manager,model_l10n_br_sped_efd_icms_ipi_g130,l10n_br_fiscal.group_manager,1,1,1,1
access_efd_icms_ipi_g140_user,l10n_br_sped.efd_icms_ipi.g140 user,model_l10n_br_sped_efd_icms_ipi_g140,l10n_br_fiscal.group_user,1,0,0,0
access_efd_icms_ipi_g140_manager,l10n_br_sped.efd_icms_ipi.g140 manager,model_l10n_br_sped_efd_icms_ipi_g140,l10n_br_fiscal.group_manager,1,1,1,1
access_efd_icms_ipi_h005_user,l10n_br_sped.efd_icms_ipi.h005 user,model_l10n_br_sped_efd_icms_ipi_h005,l10n_br_fiscal.group_user,1,0,0,0
access_efd_icms_ipi_h005_manager,l10n_br_sped.efd_icms_ipi.h005 manager,model_l10n_br_sped_efd_icms_ipi_h005,l10n_br_fiscal.group_manager,1,1,1,1
access_efd_icms_ipi_h010_user,l10n_br_sped.efd_icms_ipi.h010 user,model_l10n_br_sped_efd_icms_ipi_h010,l10n_br_fiscal.group_user,1,0,0,0
access_efd_icms_ipi_h010_manager,l10n_br_sped.efd_icms_ipi.h010 manager,model_l10n_br_sped_efd_icms_ipi_h010,l10n_br_fiscal.group_manager,1,1,1,1
access_efd_icms_ipi_h020_user,l10n_br_sped.efd_icms_ipi.h020 user,model_l10n_br_sped_efd_icms_ipi_h020,l10n_br_fiscal.group_user,1,0,0,0
access_efd_icms_ipi_h020_manager,l10n_br_sped.efd_icms_ipi.h020 manager,model_l10n_br_sped_efd_icms_ipi_h020,l10n_br_fiscal.group_manager,1,1,1,1
access_efd_icms_ipi_h030_user,l10n_br_sped.efd_icms_ipi.h030 user,model_l10n_br_sped_efd_icms_ipi_h030,l10n_br_fiscal.group_user,1,0,0,0
access_efd_icms_ipi_h030_manager,l10n_br_sped.efd_icms_ipi.h030 manager,model_l10n_br_sped_efd_icms_ipi_h030,l10n_br_fiscal.group_manager,1,1,1,1
access_efd_icms_ipi_k010_user,l10n_br_sped.efd_icms_ipi.k010 user,model_l10n_br_sped_efd_icms_ipi_k010,l10n_br_fiscal.group_user,1,0,0,0
access_efd_icms_ipi_k010_manager,l10n_br_sped.efd_icms_ipi.k010 manager,model_l10n_br_sped_efd_icms_ipi_k010,l10n_br_fiscal.group_manager,1,1,1,1
access_efd_icms_ipi_k100_user,l10n_br_sped.efd_icms_ipi.k100 user,model_l10n_br_sped_efd_icms_ipi_k100,l10n_br_fiscal.group_user,1,0,0,0
access_efd_icms_ipi_k100_manager,l10n_br_sped.efd_icms_ipi.k100 manager,model_l10n_br_sped_efd_icms_ipi_k100,l10n_br_fiscal.group_manager,1,1,1,1
access_efd_icms_ipi_k200_user,l10n_br_sped.efd_icms_ipi.k200 user,model_l10n_br_sped_efd_icms_ipi_k200,l10n_br_fiscal.group_user,1,0,0,0
access_efd_icms_ipi_k200_manager,l10n_br_sped.efd_icms_ipi.k200 manager,model_l10n_br_sped_efd_icms_ipi_k200,l10n_br_fiscal.group_manager,1,1,1,1
access_efd_icms_ipi_k210_user,l10n_br_sped.efd_icms_ipi.k210 user,model_l10n_br_sped_efd_icms_ipi_k210,l10n_br_fiscal.group_user,1,0,0,0
access_efd_icms_ipi_k210_manager,l10n_br_sped.efd_icms_ipi.k210 manager,model_l10n_br_sped_efd_icms_ipi_k210,l10n_br_fiscal.group_manager,1,1,1,1
access_efd_icms_ipi_k215_user,l10n_br_sped.efd_icms_ipi.k215 user,model_l10n_br_sped_efd_icms_ipi_k215,l10n_br_fiscal.group_user,1,0,0,0
access_efd_icms_ipi_k215_manager,l10n_br_sped.efd_icms_ipi.k215 manager,model_l10n_br_sped_efd_icms_ipi_k215,l10n_br_fiscal.group_manager,1,1,1,1
access_efd_icms_ipi_k220_user,l10n_br_sped.efd_icms_ipi.k220 user,model_l10n_br_sped_efd_icms_ipi_k220,l10n_br_fiscal.group_user,1,0,0,0
access_efd_icms_ipi_k220_manager,l10n_br_sped.efd_icms_ipi.k220 manager,model_l10n_br_sped_efd_icms_ipi_k220,l10n_br_fiscal.group_manager,1,1,1,1
access_efd_icms_ipi_k230_user,l10n_br_sped.efd_icms_ipi.k230 user,model_l10n_br_sped_efd_icms_ipi_k230,l10n_br_fiscal.group_user,1,0,0,0
access_efd_icms_ipi_k230_manager,l10n_br_sped.efd_icms_ipi.k230 manager,model_l10n_br_sped_efd_icms_ipi_k230,l10n_br_fiscal.group_manager,1,1,1,1
access_efd_icms_ipi_k235_user,l10n_br_sped.efd_icms_ipi.k235 user,model_l10n_br_sped_efd_icms_ipi_k235,l10n_br_fiscal.group_user,1,0,0,0
access_efd_icms_ipi_k235_manager,l10n_br_sped.efd_icms_ipi.k235 manager,model_l10n_br_sped_efd_icms_ipi_k235,l10n_br_fiscal.group_manager,1,1,1,1
access_efd_icms_ipi_k250_user,l10n_br_sped.efd_icms_ipi.k250 user,model_l10n_br_sped_efd_icms_ipi_k250,l10n_br_fiscal.group_user,1,0,0,0
access_efd_icms_ipi_k250_manager,l10n_br_sped.efd_icms_ipi.k250 manager,model_l10n_br_sped_efd_icms_ipi_k250,l10n_br_fiscal.group_manager,1,1,1,1
access_efd_icms_ipi_k255_user,l10n_br_sped.efd_icms_ipi.k255 user,model_l10n_br_sped_efd_icms_ipi_k255,l10n_br_fiscal.group_user,1,0,0,0
access_efd_icms_ipi_k255_manager,l10n_br_sped.efd_icms_ipi.k255 manager,model_l10n_br_sped_efd_icms_ipi_k255,l10n_br_fiscal.group_manager,1,1,1,1
access_efd_icms_ipi_k260_user,l10n_br_sped.efd_icms_ipi.k260 user,model_l10n_br_sped_efd_icms_ipi_k260,l10n_br_fiscal.group_user,1,0,0,0
access_efd_icms_ipi_k260_manager,l10n_br_sped.efd_icms_ipi.k260 manager,model_l10n_br_sped_efd_icms_ipi_k260,l10n_br_fiscal.group_manager,1,1,1,1
access_efd_icms_ipi_k265_user,l10n_br_sped.efd_icms_ipi.k265 user,model_l10n_br_sped_efd_icms_ipi_k265,l10n_br_fiscal.group_user,1,0,0,0
access_efd_icms_ipi_k265_manager,l10n_br_sped.efd_icms_ipi.k265 manager,model_l10n_br_sped_efd_icms_ipi_k265,l10n_br_fiscal.group_manager,1,1,1,1
access_efd_icms_ipi_k270_user,l10n_br_sped.efd_icms_ipi.k270 user,model_l10n_br_sped_efd_icms_ipi_k270,l10n_br_fiscal.group_user,1,0,0,0
access_efd_icms_ipi_k270_manager,l10n_br_sped.efd_icms_ipi.k270 manager,model_l10n_br_sped_efd_icms_ipi_k270,l10n_br_fiscal.group_manager,1,1,1,1
access_efd_icms_ipi_k275_user,l10n_br_sped.efd_icms_ipi.k275 user,model_l10n_br_sped_efd_icms_ipi_k275,l10n_br_fiscal.group_user,1,0,0,0
access_efd_icms_ipi_k275_manager,l10n_br_sped.efd_icms_ipi.k275 manager,model_l10n_br_sped_efd_icms_ipi_k275,l10n_br_fiscal.group_manager,1,1,1,1
access_efd_icms_ipi_k280_user,l10n_br_sped.efd_icms_ipi.k280 user,model_l10n_br_sped_efd_icms_ipi_k280,l10n_br_fiscal.group_user,1,0,0,0
access_efd_icms_ipi_k280_manager,l10n_br_sped.efd_icms_ipi.k280 manager,model_l10n_br_sped_efd_icms_ipi_k280,l10n_br_fiscal.group_manager,1,1,1,1
access_efd_icms_ipi_k290_user,l10n_br_sped.efd_icms_ipi.k290 user,model_l10n_br_sped_efd_icms_ipi_k290,l10n_br_fiscal.group_user,1,0,0,0
access_efd_icms_ipi_k290_manager,l10n_br_sped.efd_icms_ipi.k290 manager,model_l10n_br_sped_efd_icms_ipi_k290,l10n_br_fiscal.group_manager,1,1,1,1
access_efd_icms_ipi_k291_user,l10n_br_sped.efd_icms_ipi.k291 user,model_l10n_br_sped_efd_icms_ipi_k291,l10n_br_fiscal.group_user,1,0,0,0
access_efd_icms_ipi_k291_manager,l10n_br_sped.efd_icms_ipi.k291 manager,model_l10n_br_sped_efd_icms_ipi_k291,l10n_br_fiscal.group_manager,1,1,1,1
access_efd_icms_ipi_k292_user,l10n_br_sped.efd_icms_ipi.k292 user,model_l10n_br_sped_efd_icms_ipi_k292,l10n_br_fiscal.group_user,1,0,0,0
access_efd_icms_ipi_k292_manager,l10n_br_sped.efd_icms_ipi.k292 manager,model_l10n_br_sped_efd_icms_ipi_k292,l10n_br_fiscal.group_manager,1,1,1,1
access_efd_icms_ipi_k301_user,l10n_br_sped.efd_icms_ipi.k301 user,model_l10n_br_sped_efd_icms_ipi_k301,l10n_br_fiscal.group_user,1,0,0,0
access_efd_icms_ipi_k301_manager,l10n_br_sped.efd_icms_ipi.k301 manager,model_l10n_br_sped_efd_icms_ipi_k301,l10n_br_fiscal.group_manager,1,1,1,1
access_efd_icms_ipi_k302_user,l10n_br_sped.efd_icms_ipi.k302 user,model_l10n_br_sped_efd_icms_ipi_k302,l10n_br_fiscal.group_user,1,0,0,0
access_efd_icms_ipi_k302_manager,l10n_br_sped.efd_icms_ipi.k302 manager,model_l10n_br_sped_efd_icms_ipi_k302,l10n_br_fiscal.group_manager,1,1,1,1
access_efd_icms_ipi_1010_user,l10n_br_sped.efd_icms_ipi.1010 user,model_l10n_br_sped_efd_icms_ipi_1010,l10n_br_fiscal.group_user,1,0,0,0
access_efd_icms_ipi_1010_manager,l10n_br_sped.efd_icms_ipi.1010 manager,model_l10n_br_sped_efd_icms_ipi_1010,l10n_br_fiscal.group_manager,1,1,1,1
access_efd_icms_ipi_1100_user,l10n_br_sped.efd_icms_ipi.1100 user,model_l10n_br_sped_efd_icms_ipi_1100,l10n_br_fiscal.group_user,1,0,0,0
access_efd_icms_ipi_1100_manager,l10n_br_sped.efd_icms_ipi.1100 manager,model_l10n_br_sped_efd_icms_ipi_1100,l10n_br_fiscal.group_manager,1,1,1,1
access_efd_icms_ipi_1105_user,l10n_br_sped.efd_icms_ipi.1105 user,model_l10n_br_sped_efd_icms_ipi_1105,l10n_br_fiscal.group_user,1,0,0,0
access_efd_icms_ipi_1105_manager,l10n_br_sped.efd_icms_ipi.1105 manager,model_l10n_br_sped_efd_icms_ipi_1105,l10n_br_fiscal.group_manager,1,1,1,1
access_efd_icms_ipi_1110_user,l10n_br_sped.efd_icms_ipi.1110 user,model_l10n_br_sped_efd_icms_ipi_1110,l10n_br_fiscal.group_user,1,0,0,0
access_efd_icms_ipi_1110_manager,l10n_br_sped.efd_icms_ipi.1110 manager,model_l10n_br_sped_efd_icms_ipi_1110,l10n_br_fiscal.group_manager,1,1,1,1
access_efd_icms_ipi_1200_user,l10n_br_sped.efd_icms_ipi.1200 user,model_l10n_br_sped_efd_icms_ipi_1200,l10n_br_fiscal.group_user,1,0,0,0
access_efd_icms_ipi_1200_manager,l10n_br_sped.efd_icms_ipi.1200 manager,model_l10n_br_sped_efd_icms_ipi_1200,l10n_br_fiscal.group_manager,1,1,1,1
access_efd_icms_ipi_1210_user,l10n_br_sped.efd_icms_ipi.1210 user,model_l10n_br_sped_efd_icms_ipi_1210,l10n_br_fiscal.group_user,1,0,0,0
access_efd_icms_ipi_1210_manager,l10n_br_sped.efd_icms_ipi.1210 manager,model_l10n_br_sped_efd_icms_ipi_1210,l10n_br_fiscal.group_manager,1,1,1,1
access_efd_icms_ipi_1250_user,l10n_br_sped.efd_icms_ipi.1250 user,model_l10n_br_sped_efd_icms_ipi_1250,l10n_br_fiscal.group_user,1,0,0,0
access_efd_icms_ipi_1250_manager,l10n_br_sped.efd_icms_ipi.1250 manager,model_l10n_br_sped_efd_icms_ipi_1250,l10n_br_fiscal.group_manager,1,1,1,1
access_efd_icms_ipi_1255_user,l10n_br_sped.efd_icms_ipi.1255 user,model_l10n_br_sped_efd_icms_ipi_1255,l10n_br_fiscal.group_user,1,0,0,0
access_efd_icms_ipi_1255_manager,l10n_br_sped.efd_icms_ipi.1255 manager,model_l10n_br_sped_efd_icms_ipi_1255,l10n_br_fiscal.group_manager,1,1,1,1
access_efd_icms_ipi_1300_user,l10n_br_sped.efd_icms_ipi.1300 user,model_l10n_br_sped_efd_icms_ipi_1300,l10n_br_fiscal.group_user,1,0,0,0
access_efd_icms_ipi_1300_manager,l10n_br_sped.efd_icms_ipi.1300 manager,model_l10n_br_sped_efd_icms_ipi_1300,l10n_br_fiscal.group_manager,1,1,1,1
access_efd_icms_ipi_1310_user,l10n_br_sped.efd_icms_ipi.1310 user,model_l10n_br_sped_efd_icms_ipi_1310,l10n_br_fiscal.group_user,1,0,0,0
access_efd_icms_ipi_1310_manager,l10n_br_sped.efd_icms_ipi.1310 manager,model_l10n_br_sped_efd_icms_ipi_1310,l10n_br_fiscal.group_manager,1,1,1,1
access_efd_icms_ipi_1320_user,l10n_br_sped.efd_icms_ipi.1320 user,model_l10n_br_sped_efd_icms_ipi_1320,l10n_br_fiscal.group_user,1,0,0,0
access_efd_icms_ipi_1320_manager,l10n_br_sped.efd_icms_ipi.1320 manager,model_l10n_br_sped_efd_icms_ipi_1320,l10n_br_fiscal.group_manager,1,1,1,1
access_efd_icms_ipi_1350_user,l10n_br_sped.efd_icms_ipi.1350 user,model_l10n_br_sped_efd_icms_ipi_1350,l10n_br_fiscal.group_user,1,0,0,0
access_efd_icms_ipi_1350_manager,l10n_br_sped.efd_icms_ipi.1350 manager,model_l10n_br_sped_efd_icms_ipi_1350,l10n_br_fiscal.group_manager,1,1,1,1
access_efd_icms_ipi_1360_user,l10n_br_sped.efd_icms_ipi.1360 user,model_l10n_br_sped_efd_icms_ipi_1360,l10n_br_fiscal.group_user,1,0,0,0
access_efd_icms_ipi_1360_manager,l10n_br_sped.efd_icms_ipi.1360 manager,model_l10n_br_sped_efd_icms_ipi_1360,l10n_br_fiscal.group_manager,1,1,1,1
access_efd_icms_ipi_1370_user,l10n_br_sped.efd_icms_ipi.1370 user,model_l10n_br_sped_efd_icms_ipi_1370,l10n_br_fiscal.group_user,1,0,0,0
access_efd_icms_ipi_1370_manager,l10n_br_sped.efd_icms_ipi.1370 manager,model_l10n_br_sped_efd_icms_ipi_1370,l10n_br_fiscal.group_manager,1,1,1,1
access_efd_icms_ipi_1390_user,l10n_br_sped.efd_icms_ipi.1390 user,model_l10n_br_sped_efd_icms_ipi_1390,l10n_br_fiscal.group_user,1,0,0,0
access_efd_icms_ipi_1390_manager,l10n_br_sped.efd_icms_ipi.1390 manager,model_l10n_br_sped_efd_icms_ipi_1390,l10n_br_fiscal.group_manager,1,1,1,1
access_efd_icms_ipi_1391_user,l10n_br_sped.efd_icms_ipi.1391 user,model_l10n_br_sped_efd_icms_ipi_1391,l10n_br_fiscal.group_user,1,0,0,0
access_efd_icms_ipi_1391_manager,l10n_br_sped.efd_icms_ipi.1391 manager,model_l10n_br_sped_efd_icms_ipi_1391,l10n_br_fiscal.group_manager,1,1,1,1
access_efd_icms_ipi_1400_user,l10n_br_sped.efd_icms_ipi.1400 user,model_l10n_br_sped_efd_icms_ipi_1400,l10n_br_fiscal.group_user,1,0,0,0
access_efd_icms_ipi_1400_manager,l10n_br_sped.efd_icms_ipi.1400 manager,model_l10n_br_sped_efd_icms_ipi_1400,l10n_br_fiscal.group_manager,1,1,1,1
access_efd_icms_ipi_1500_user,l10n_br_sped.efd_icms_ipi.1500 user,model_l10n_br_sped_efd_icms_ipi_1500,l10n_br_fiscal.group_user,1,0,0,0
access_efd_icms_ipi_1500_manager,l10n_br_sped.efd_icms_ipi.1500 manager,model_l10n_br_sped_efd_icms_ipi_1500,l10n_br_fiscal.group_manager,1,1,1,1
access_efd_icms_ipi_1510_user,l10n_br_sped.efd_icms_ipi.1510 user,model_l10n_br_sped_efd_icms_ipi_1510,l10n_br_fiscal.group_user,1,0,0,0
access_efd_icms_ipi_1510_manager,l10n_br_sped.efd_icms_ipi.1510 manager,model_l10n_br_sped_efd_icms_ipi_1510,l10n_br_fiscal.group_manager,1,1,1,1
access_efd_icms_ipi_1600_user,l10n_br_sped.efd_icms_ipi.1600 user,model_l10n_br_sped_efd_icms_ipi_1600,l10n_br_fiscal.group_user,1,0,0,0
access_efd_icms_ipi_1600_manager,l10n_br_sped.efd_icms_ipi.1600 manager,model_l10n_br_sped_efd_icms_ipi_1600,l10n_br_fiscal.group_manager,1,1,1,1
access_efd_icms_ipi_1601_user,l10n_br_sped.efd_icms_ipi.1601 user,model_l10n_br_sped_efd_icms_ipi_1601,l10n_br_fiscal.group_user,1,0,0,0
access_efd_icms_ipi_1601_manager,l10n_br_sped.efd_icms_ipi.1601 manager,model_l10n_br_sped_efd_icms_ipi_1601,l10n_br_fiscal.group_manager,1,1,1,1
access_efd_icms_ipi_1700_user,l10n_br_sped.efd_icms_ipi.1700 user,model_l10n_br_sped_efd_icms_ipi_1700,l10n_br_fiscal.group_user,1,0,0,0
access_efd_icms_ipi_1700_manager,l10n_br_sped.efd_icms_ipi.1700 manager,model_l10n_br_sped_efd_icms_ipi_1700,l10n_br_fiscal.group_manager,1,1,1,1
access_efd_icms_ipi_1710_user,l10n_br_sped.efd_icms_ipi.1710 user,model_l10n_br_sped_efd_icms_ipi_1710,l10n_br_fiscal.group_user,1,0,0,0
access_efd_icms_ipi_1710_manager,l10n_br_sped.efd_icms_ipi.1710 manager,model_l10n_br_sped_efd_icms_ipi_1710,l10n_br_fiscal.group_manager,1,1,1,1
access_efd_icms_ipi_1800_user,l10n_br_sped.efd_icms_ipi.1800 user,model_l10n_br_sped_efd_icms_ipi_1800,l10n_br_fiscal.group_user,1,0,0,0
access_efd_icms_ipi_1800_manager,l10n_br_sped.efd_icms_ipi.1800 manager,model_l10n_br_sped_efd_icms_ipi_1800,l10n_br_fiscal.group_manager,1,1,1,1
access_efd_icms_ipi_1900_user,l10n_br_sped.efd_icms_ipi.1900 user,model_l10n_br_sped_efd_icms_ipi_1900,l10n_br_fiscal.group_user,1,0,0,0
access_efd_icms_ipi_1900_manager,l10n_br_sped.efd_icms_ipi.1900 manager,model_l10n_br_sped_efd_icms_ipi_1900,l10n_br_fiscal.group_manager,1,1,1,1
access_efd_icms_ipi_1910_user,l10n_br_sped.efd_icms_ipi.1910 user,model_l10n_br_sped_efd_icms_ipi_1910,l10n_br_fiscal.group_user,1,0,0,0
access_efd_icms_ipi_1910_manager,l10n_br_sped.efd_icms_ipi.1910 manager,model_l10n_br_sped_efd_icms_ipi_1910,l10n_br_fiscal.group_manager,1,1,1,1
access_efd_icms_ipi_1920_user,l10n_br_sped.efd_icms_ipi.1920 user,model_l10n_br_sped_efd_icms_ipi_1920,l10n_br_fiscal.group_user,1,0,0,0
access_efd_icms_ipi_1920_manager,l10n_br_sped.efd_icms_ipi.1920 manager,model_l10n_br_sped_efd_icms_ipi_1920,l10n_br_fiscal.group_manager,1,1,1,1
access_efd_icms_ipi_1921_user,l10n_br_sped.efd_icms_ipi.1921 user,model_l10n_br_sped_efd_icms_ipi_1921,l10n_br_fiscal.group_user,1,0,0,0
access_efd_icms_ipi_1921_manager,l10n_br_sped.efd_icms_ipi.1921 manager,model_l10n_br_sped_efd_icms_ipi_1921,l10n_br_fiscal.group_manager,1,1,1,1
access_efd_icms_ipi_1922_user,l10n_br_sped.efd_icms_ipi.1922 user,model_l10n_br_sped_efd_icms_ipi_1922,l10n_br_fiscal.group_user,1,0,0,0
access_efd_icms_ipi_1922_manager,l10n_br_sped.efd_icms_ipi.1922 manager,model_l10n_br_sped_efd_icms_ipi_1922,l10n_br_fiscal.group_manager,1,1,1,1
access_efd_icms_ipi_1923_user,l10n_br_sped.efd_icms_ipi.1923 user,model_l10n_br_sped_efd_icms_ipi_1923,l10n_br_fiscal.group_user,1,0,0,0
access_efd_icms_ipi_1923_manager,l10n_br_sped.efd_icms_ipi.1923 manager,model_l10n_br_sped_efd_icms_ipi_1923,l10n_br_fiscal.group_manager,1,1,1,1
access_efd_icms_ipi_1925_user,l10n_br_sped.efd_icms_ipi.1925 user,model_l10n_br_sped_efd_icms_ipi_1925,l10n_br_fiscal.group_user,1,0,0,0
access_efd_icms_ipi_1925_manager,l10n_br_sped.efd_icms_ipi.1925 manager,model_l10n_br_sped_efd_icms_ipi_1925,l10n_br_fiscal.group_manager,1,1,1,1
access_efd_icms_ipi_1926_user,l10n_br_sped.efd_icms_ipi.1926 user,model_l10n_br_sped_efd_icms_ipi_1926,l10n_br_fiscal.group_user,1,0,0,0
access_efd_icms_ipi_1926_manager,l10n_br_sped.efd_icms_ipi.1926 manager,model_l10n_br_sped_efd_icms_ipi_1926,l10n_br_fiscal.group_manager,1,1,1,1
access_efd_icms_ipi_1960_user,l10n_br_sped.efd_icms_ipi.1960 user,model_l10n_br_sped_efd_icms_ipi_1960,l10n_br_fiscal.group_user,1,0,0,0
access_efd_icms_ipi_1960_manager,l10n_br_sped.efd_icms_ipi.1960 manager,model_l10n_br_sped_efd_icms_ipi_1960,l10n_br_fiscal.group_manager,1,1,1,1
access_efd_icms_ipi_1970_user,l10n_br_sped.efd_icms_ipi.1970 user,model_l10n_br_sped_efd_icms_ipi_1970,l10n_br_fiscal.group_user,1,0,0,0
access_efd_icms_ipi_1970_manager,l10n_br_sped.efd_icms_ipi.1970 manager,model_l10n_br_sped_efd_icms_ipi_1970,l10n_br_fiscal.group_manager,1,1,1,1
access_efd_icms_ipi_1975_user,l10n_br_sped.efd_icms_ipi.1975 user,model_l10n_br_sped_efd_icms_ipi_1975,l10n_br_fiscal.group_user,1,0,0,0
access_efd_icms_ipi_1975_manager,l10n_br_sped.efd_icms_ipi.1975 manager,model_l10n_br_sped_efd_icms_ipi_1975,l10n_br_fiscal.group_manager,1,1,1,1
access_efd_icms_ipi_1980_user,l10n_br_sped.efd_icms_ipi.1980 user,model_l10n_br_sped_efd_icms_ipi_1980,l10n_br_fiscal.group_user,1,0,0,0
access_efd_icms_ipi_1980_manager,l10n_br_sped.efd_icms_ipi.1980 manager,model_l10n_br_sped_efd_icms_ipi_1980,l10n_br_fiscal.group_manager,1,1,1,1
